case_id,endpoint,bbl,sale_date,deed_document_id,deed_url,purchase_mortgage_document_id,purchase_financing_evidence,distress_evidence,borrower_buyer_match,collateral_match,purchase_vs_refinance,source_pages,reviewer,second_reviewer,notes
H001,a,4108930019,2019-12-16,2019122300241001,https://a836-acris.nyc.gov/DS/DocumentSearch/DocumentImageView?doc_id=2019122300241001,NOT_PRESERVED_IN_ARCHIVED_PANEL,UNREVIEWED,UNREVIEWED,UNREVIEWED,UNREVIEWED,UNREVIEWED,,,,
H001,z,4108930019,2025-02-13,2025031100290001,https://a836-acris.nyc.gov/DS/DocumentSearch/DocumentImageView?doc_id=2025031100290001,NOT_PRESERVED_IN_ARCHIVED_PANEL,UNREVIEWED,UNREVIEWED,UNREVIEWED,UNREVIEWED,UNREVIEWED,,,,
H002,a,4027740029,2021-09-09,2021100400323001,https://a836-acris.nyc.gov/DS/DocumentSearch/DocumentImageView?doc_id=2021100400323001,NOT_PRESERVED_IN_ARCHIVED_PANEL,UNREVIEWED,UNREVIEWED,UNREVIEWED,UNREVIEWED,UNREVIEWED,,,,
H002,z,4027740029,2025-12-18,2025121900668001,https://a836-acris.nyc.gov/DS/DocumentSearch/DocumentImageView?doc_id=2025121900668001,NOT_PRESERVED_IN_ARCHIVED_PANEL,UNREVIEWED,UNREVIEWED,UNREVIEWED,UNREVIEWED,UNREVIEWED,,,,
H003,a,4104500021,2019-08-15,2019090600788003,https://a836-acris.nyc.gov/DS/DocumentSearch/DocumentImageView?doc_id=2019090600788003,NOT_PRESERVED_IN_ARCHIVED_PANEL,UNREVIEWED,UNREVIEWED,UNREVIEWED,UNREVIEWED,UNREVIEWED,,,,
H003,z,4104500021,2025-01-31,2025021201097001,https://a836-acris.nyc.gov/DS/DocumentSearch/DocumentImageView?doc_id=2025021201097001,NOT_PRESERVED_IN_ARCHIVED_PANEL,UNREVIEWED,UNREVIEWED,UNREVIEWED,UNREVIEWED,UNREVIEWED,,,,
H004,a,4033820049,2022-08-25,2022092200936001,https://a836-acris.nyc.gov/DS/DocumentSearch/DocumentImageView?doc_id=2022092200936001,NOT_PRESERVED_IN_ARCHIVED_PANEL,UNREVIEWED,UNREVIEWED,UNREVIEWED,UNREVIEWED,UNREVIEWED,,,,
H004,z,4033820049,2025-08-26,2025090500732001,https://a836-acris.nyc.gov/DS/DocumentSearch/DocumentImageView?doc_id=2025090500732001,NOT_PRESERVED_IN_ARCHIVED_PANEL,UNREVIEWED,UNREVIEWED,UNREVIEWED,UNREVIEWED,UNREVIEWED,,,,
H005,a,2043040007,2022-09-19,2022092000876001,https://a836-acris.nyc.gov/DS/DocumentSearch/DocumentImageView?doc_id=2022092000876001,NOT_PRESERVED_IN_ARCHIVED_PANEL,UNREVIEWED,UNREVIEWED,UNREVIEWED,UNREVIEWED,UNREVIEWED,,,,
H005,z,2043040007,2025-11-13,2025120300285001,https://a836-acris.nyc.gov/DS/DocumentSearch/DocumentImageView?doc_id=2025120300285001,NOT_PRESERVED_IN_ARCHIVED_PANEL,UNREVIEWED,UNREVIEWED,UNREVIEWED,UNREVIEWED,UNREVIEWED,,,,
H006,a,4082330421,2016-05-05,2016051000808001,https://a836-acris.nyc.gov/DS/DocumentSearch/DocumentImageView?doc_id=2016051000808001,NOT_PRESERVED_IN_ARCHIVED_PANEL,UNREVIEWED,UNREVIEWED,UNREVIEWED,UNREVIEWED,UNREVIEWED,,,,
H006,z,4082330421,2022-06-16,2022062900504001,https://a836-acris.nyc.gov/DS/DocumentSearch/DocumentImageView?doc_id=2022062900504001,NOT_PRESERVED_IN_ARCHIVED_PANEL,UNREVIEWED,UNREVIEWED,UNREVIEWED,UNREVIEWED,UNREVIEWED,,,,
H007,a,3039820006,2019-04-12,2019041801079001,https://a836-acris.nyc.gov/DS/DocumentSearch/DocumentImageView?doc_id=2019041801079001,NOT_PRESERVED_IN_ARCHIVED_PANEL,UNREVIEWED,UNREVIEWED,UNREVIEWED,UNREVIEWED,UNREVIEWED,,,,
H007,z,3039820006,2025-01-27,2025020400804003,https://a836-acris.nyc.gov/DS/DocumentSearch/DocumentImageView?doc_id=2025020400804003,NOT_PRESERVED_IN_ARCHIVED_PANEL,UNREVIEWED,UNREVIEWED,UNREVIEWED,UNREVIEWED,UNREVIEWED,,,,
H008,a,3017810056,2016-07-25,2016080500098002,https://a836-acris.nyc.gov/DS/DocumentSearch/DocumentImageView?doc_id=2016080500098002,NOT_PRESERVED_IN_ARCHIVED_PANEL,UNREVIEWED,UNREVIEWED,UNREVIEWED,UNREVIEWED,UNREVIEWED,,,,
H008,z,3017810056,2020-05-27,2020052900598003,https://a836-acris.nyc.gov/DS/DocumentSearch/DocumentImageView?doc_id=2020052900598003,NOT_PRESERVED_IN_ARCHIVED_PANEL,UNREVIEWED,UNREVIEWED,UNREVIEWED,UNREVIEWED,UNREVIEWED,,,,
H009,a,3051700043,2019-12-10,2019121300092001,https://a836-acris.nyc.gov/DS/DocumentSearch/DocumentImageView?doc_id=2019121300092001,NOT_PRESERVED_IN_ARCHIVED_PANEL,UNREVIEWED,UNREVIEWED,UNREVIEWED,UNREVIEWED,UNREVIEWED,,,,
H009,z,3051700043,2025-04-09,2025041800427002,https://a836-acris.nyc.gov/DS/DocumentSearch/DocumentImageView?doc_id=2025041800427002,NOT_PRESERVED_IN_ARCHIVED_PANEL,UNREVIEWED,UNREVIEWED,UNREVIEWED,UNREVIEWED,UNREVIEWED,,,,
H010,a,2046510071,2018-10-24,2018102501042001,https://a836-acris.nyc.gov/DS/DocumentSearch/DocumentImageView?doc_id=2018102501042001,NOT_PRESERVED_IN_ARCHIVED_PANEL,UNREVIEWED,UNREVIEWED,UNREVIEWED,UNREVIEWED,UNREVIEWED,,,,
H010,z,2046510071,2023-08-09,2023081500425001,https://a836-acris.nyc.gov/DS/DocumentSearch/DocumentImageView?doc_id=2023081500425001,NOT_PRESERVED_IN_ARCHIVED_PANEL,UNREVIEWED,UNREVIEWED,UNREVIEWED,UNREVIEWED,UNREVIEWED,,,,
H011,a,3012450083,2018-12-04,2018120501099001,https://a836-acris.nyc.gov/DS/DocumentSearch/DocumentImageView?doc_id=2018120501099001,NOT_PRESERVED_IN_ARCHIVED_PANEL,UNREVIEWED,UNREVIEWED,UNREVIEWED,UNREVIEWED,UNREVIEWED,,,,
H011,z,3012450083,2025-12-23,2025123100328001,https://a836-acris.nyc.gov/DS/DocumentSearch/DocumentImageView?doc_id=2025123100328001,NOT_PRESERVED_IN_ARCHIVED_PANEL,UNREVIEWED,UNREVIEWED,UNREVIEWED,UNREVIEWED,UNREVIEWED,,,,
H012,a,4038250037,2016-01-06,2016010800564001,https://a836-acris.nyc.gov/DS/DocumentSearch/DocumentImageView?doc_id=2016010800564001,NOT_PRESERVED_IN_ARCHIVED_PANEL,UNREVIEWED,UNREVIEWED,UNREVIEWED,UNREVIEWED,UNREVIEWED,,,,
H012,z,4038250037,2021-05-05,2021051800307001,https://a836-acris.nyc.gov/DS/DocumentSearch/DocumentImageView?doc_id=2021051800307001,NOT_PRESERVED_IN_ARCHIVED_PANEL,UNREVIEWED,UNREVIEWED,UNREVIEWED,UNREVIEWED,UNREVIEWED,,,,
H013,a,4109800053,2020-06-16,2020063000042002,https://a836-acris.nyc.gov/DS/DocumentSearch/DocumentImageView?doc_id=2020063000042002,NOT_PRESERVED_IN_ARCHIVED_PANEL,UNREVIEWED,UNREVIEWED,UNREVIEWED,UNREVIEWED,UNREVIEWED,,,,
H013,z,4109800053,2025-06-26,2025071600623001,https://a836-acris.nyc.gov/DS/DocumentSearch/DocumentImageView?doc_id=2025071600623001,NOT_PRESERVED_IN_ARCHIVED_PANEL,UNREVIEWED,UNREVIEWED,UNREVIEWED,UNREVIEWED,UNREVIEWED,,,,
H014,a,2040200043,2019-07-16,2019072500319001,https://a836-acris.nyc.gov/DS/DocumentSearch/DocumentImageView?doc_id=2019072500319001,NOT_PRESERVED_IN_ARCHIVED_PANEL,UNREVIEWED,UNREVIEWED,UNREVIEWED,UNREVIEWED,UNREVIEWED,,,,
H014,z,2040200043,2024-05-20,2024053000627001,https://a836-acris.nyc.gov/DS/DocumentSearch/DocumentImageView?doc_id=2024053000627001,NOT_PRESERVED_IN_ARCHIVED_PANEL,UNREVIEWED,UNREVIEWED,UNREVIEWED,UNREVIEWED,UNREVIEWED,,,,
H015,a,3046100044,2016-07-13,2016072000214001,https://a836-acris.nyc.gov/DS/DocumentSearch/DocumentImageView?doc_id=2016072000214001,NOT_PRESERVED_IN_ARCHIVED_PANEL,UNREVIEWED,UNREVIEWED,UNREVIEWED,UNREVIEWED,UNREVIEWED,,,,
H015,z,3046100044,2021-06-16,,,NOT_PRESERVED_IN_ARCHIVED_PANEL,UNREVIEWED,UNREVIEWED,UNREVIEWED,UNREVIEWED,UNREVIEWED,,,,
H016,a,4161100062,2017-02-01,2017022200935001,https://a836-acris.nyc.gov/DS/DocumentSearch/DocumentImageView?doc_id=2017022200935001,NOT_PRESERVED_IN_ARCHIVED_PANEL,UNREVIEWED,UNREVIEWED,UNREVIEWED,UNREVIEWED,UNREVIEWED,,,,
H016,z,4161100062,2023-06-16,2023062100241001,https://a836-acris.nyc.gov/DS/DocumentSearch/DocumentImageView?doc_id=2023062100241001,NOT_PRESERVED_IN_ARCHIVED_PANEL,UNREVIEWED,UNREVIEWED,UNREVIEWED,UNREVIEWED,UNREVIEWED,,,,
H017,a,4061940030,2019-06-06,2019061300875001,https://a836-acris.nyc.gov/DS/DocumentSearch/DocumentImageView?doc_id=2019061300875001,NOT_PRESERVED_IN_ARCHIVED_PANEL,UNREVIEWED,UNREVIEWED,UNREVIEWED,UNREVIEWED,UNREVIEWED,,,,
H017,z,4061940030,2022-12-20,2022122900773001,https://a836-acris.nyc.gov/DS/DocumentSearch/DocumentImageView?doc_id=2022122900773001,NOT_PRESERVED_IN_ARCHIVED_PANEL,UNREVIEWED,UNREVIEWED,UNREVIEWED,UNREVIEWED,UNREVIEWED,,,,
H018,a,4027430056,2019-10-15,2019102100559001,https://a836-acris.nyc.gov/DS/DocumentSearch/DocumentImageView?doc_id=2019102100559001,NOT_PRESERVED_IN_ARCHIVED_PANEL,UNREVIEWED,UNREVIEWED,UNREVIEWED,UNREVIEWED,UNREVIEWED,,,,
H018,z,4027430056,2023-11-15,2023111600825001,https://a836-acris.nyc.gov/DS/DocumentSearch/DocumentImageView?doc_id=2023111600825001,NOT_PRESERVED_IN_ARCHIVED_PANEL,UNREVIEWED,UNREVIEWED,UNREVIEWED,UNREVIEWED,UNREVIEWED,,,,
H019,a,3077940054,2019-01-05,2019011500625001,https://a836-acris.nyc.gov/DS/DocumentSearch/DocumentImageView?doc_id=2019011500625001,NOT_PRESERVED_IN_ARCHIVED_PANEL,UNREVIEWED,UNREVIEWED,UNREVIEWED,UNREVIEWED,UNREVIEWED,,,,
H019,z,3077940054,2024-06-21,2024062200027001,https://a836-acris.nyc.gov/DS/DocumentSearch/DocumentImageView?doc_id=2024062200027001,NOT_PRESERVED_IN_ARCHIVED_PANEL,UNREVIEWED,UNREVIEWED,UNREVIEWED,UNREVIEWED,UNREVIEWED,,,,
H020,a,4054890048,2017-08-23,2017082400414001,https://a836-acris.nyc.gov/DS/DocumentSearch/DocumentImageView?doc_id=2017082400414001,NOT_PRESERVED_IN_ARCHIVED_PANEL,UNREVIEWED,UNREVIEWED,UNREVIEWED,UNREVIEWED,UNREVIEWED,,,,
H020,z,4054890048,2023-09-22,2023101800390001,https://a836-acris.nyc.gov/DS/DocumentSearch/DocumentImageView?doc_id=2023101800390001,NOT_PRESERVED_IN_ARCHIVED_PANEL,UNREVIEWED,UNREVIEWED,UNREVIEWED,UNREVIEWED,UNREVIEWED,,,,
H021,a,2030800064,2017-03-07,2017031501000002,https://a836-acris.nyc.gov/DS/DocumentSearch/DocumentImageView?doc_id=2017031501000002,NOT_PRESERVED_IN_ARCHIVED_PANEL,UNREVIEWED,UNREVIEWED,UNREVIEWED,UNREVIEWED,UNREVIEWED,,,,
H021,z,2030800064,2025-02-27,2025030700075001,https://a836-acris.nyc.gov/DS/DocumentSearch/DocumentImageView?doc_id=2025030700075001,NOT_PRESERVED_IN_ARCHIVED_PANEL,UNREVIEWED,UNREVIEWED,UNREVIEWED,UNREVIEWED,UNREVIEWED,,,,
H022,a,4125860022,2019-03-19,2019032601051001,https://a836-acris.nyc.gov/DS/DocumentSearch/DocumentImageView?doc_id=2019032601051001,NOT_PRESERVED_IN_ARCHIVED_PANEL,UNREVIEWED,UNREVIEWED,UNREVIEWED,UNREVIEWED,UNREVIEWED,,,,
H022,z,4125860022,2022-05-09,2022051800644001,https://a836-acris.nyc.gov/DS/DocumentSearch/DocumentImageView?doc_id=2022051800644001,NOT_PRESERVED_IN_ARCHIVED_PANEL,UNREVIEWED,UNREVIEWED,UNREVIEWED,UNREVIEWED,UNREVIEWED,,,,
H023,a,3034390022,2017-11-27,2017120401137001,https://a836-acris.nyc.gov/DS/DocumentSearch/DocumentImageView?doc_id=2017120401137001,NOT_PRESERVED_IN_ARCHIVED_PANEL,UNREVIEWED,UNREVIEWED,UNREVIEWED,UNREVIEWED,UNREVIEWED,,,,
H023,z,3034390022,2025-06-23,2025071000678001,https://a836-acris.nyc.gov/DS/DocumentSearch/DocumentImageView?doc_id=2025071000678001,NOT_PRESERVED_IN_ARCHIVED_PANEL,UNREVIEWED,UNREVIEWED,UNREVIEWED,UNREVIEWED,UNREVIEWED,,,,
H024,a,2028560023,2018-12-12,2018121800970001,https://a836-acris.nyc.gov/DS/DocumentSearch/DocumentImageView?doc_id=2018121800970001,NOT_PRESERVED_IN_ARCHIVED_PANEL,UNREVIEWED,UNREVIEWED,UNREVIEWED,UNREVIEWED,UNREVIEWED,,,,
H024,z,2028560023,2025-01-31,2025021100021001,https://a836-acris.nyc.gov/DS/DocumentSearch/DocumentImageView?doc_id=2025021100021001,NOT_PRESERVED_IN_ARCHIVED_PANEL,UNREVIEWED,UNREVIEWED,UNREVIEWED,UNREVIEWED,UNREVIEWED,,,,
H025,a,3059680019,2017-12-14,2017121500843001,https://a836-acris.nyc.gov/DS/DocumentSearch/DocumentImageView?doc_id=2017121500843001,NOT_PRESERVED_IN_ARCHIVED_PANEL,UNREVIEWED,UNREVIEWED,UNREVIEWED,UNREVIEWED,UNREVIEWED,,,,
H025,z,3059680019,2022-02-01,2022021100878001,https://a836-acris.nyc.gov/DS/DocumentSearch/DocumentImageView?doc_id=2022021100878001,NOT_PRESERVED_IN_ARCHIVED_PANEL,UNREVIEWED,UNREVIEWED,UNREVIEWED,UNREVIEWED,UNREVIEWED,,,,
H026,a,4141830004,2017-09-27,2017101001050001,https://a836-acris.nyc.gov/DS/DocumentSearch/DocumentImageView?doc_id=2017101001050001,NOT_PRESERVED_IN_ARCHIVED_PANEL,UNREVIEWED,UNREVIEWED,UNREVIEWED,UNREVIEWED,UNREVIEWED,,,,
H026,z,4141830004,2025-10-17,2025102400237001,https://a836-acris.nyc.gov/DS/DocumentSearch/DocumentImageView?doc_id=2025102400237001,NOT_PRESERVED_IN_ARCHIVED_PANEL,UNREVIEWED,UNREVIEWED,UNREVIEWED,UNREVIEWED,UNREVIEWED,,,,
H027,a,4032800003,2019-05-09,2019051400440001,https://a836-acris.nyc.gov/DS/DocumentSearch/DocumentImageView?doc_id=2019051400440001,NOT_PRESERVED_IN_ARCHIVED_PANEL,UNREVIEWED,UNREVIEWED,UNREVIEWED,UNREVIEWED,UNREVIEWED,,,,
H027,z,4032800003,2022-10-06,2022101100479001,https://a836-acris.nyc.gov/DS/DocumentSearch/DocumentImageView?doc_id=2022101100479001,NOT_PRESERVED_IN_ARCHIVED_PANEL,UNREVIEWED,UNREVIEWED,UNREVIEWED,UNREVIEWED,UNREVIEWED,,,,
H028,a,4024250045,2017-01-25,2017020100883001,https://a836-acris.nyc.gov/DS/DocumentSearch/DocumentImageView?doc_id=2017020100883001,NOT_PRESERVED_IN_ARCHIVED_PANEL,UNREVIEWED,UNREVIEWED,UNREVIEWED,UNREVIEWED,UNREVIEWED,,,,
H028,z,4024250045,2021-07-28,2021080900696001,https://a836-acris.nyc.gov/DS/DocumentSearch/DocumentImageView?doc_id=2021080900696001,NOT_PRESERVED_IN_ARCHIVED_PANEL,UNREVIEWED,UNREVIEWED,UNREVIEWED,UNREVIEWED,UNREVIEWED,,,,
H029,a,3073710027,2020-10-27,2020103100050001,https://a836-acris.nyc.gov/DS/DocumentSearch/DocumentImageView?doc_id=2020103100050001,NOT_PRESERVED_IN_ARCHIVED_PANEL,UNREVIEWED,UNREVIEWED,UNREVIEWED,UNREVIEWED,UNREVIEWED,,,,
H029,z,3073710027,2024-09-13,2024100700323001,https://a836-acris.nyc.gov/DS/DocumentSearch/DocumentImageView?doc_id=2024100700323001,NOT_PRESERVED_IN_ARCHIVED_PANEL,UNREVIEWED,UNREVIEWED,UNREVIEWED,UNREVIEWED,UNREVIEWED,,,,
H030,a,4123160011,2021-05-10,2021052501545004,https://a836-acris.nyc.gov/DS/DocumentSearch/DocumentImageView?doc_id=2021052501545004,NOT_PRESERVED_IN_ARCHIVED_PANEL,UNREVIEWED,UNREVIEWED,UNREVIEWED,UNREVIEWED,UNREVIEWED,,,,
H030,z,4123160011,2024-08-12,2024082300029001,https://a836-acris.nyc.gov/DS/DocumentSearch/DocumentImageView?doc_id=2024082300029001,NOT_PRESERVED_IN_ARCHIVED_PANEL,UNREVIEWED,UNREVIEWED,UNREVIEWED,UNREVIEWED,UNREVIEWED,,,,
H031,a,3030440033,2018-11-26,2018113000429001,https://a836-acris.nyc.gov/DS/DocumentSearch/DocumentImageView?doc_id=2018113000429001,NOT_PRESERVED_IN_ARCHIVED_PANEL,UNREVIEWED,UNREVIEWED,UNREVIEWED,UNREVIEWED,UNREVIEWED,,,,
H031,z,3030440033,2024-04-15,2024042700005001,https://a836-acris.nyc.gov/DS/DocumentSearch/DocumentImageView?doc_id=2024042700005001,NOT_PRESERVED_IN_ARCHIVED_PANEL,UNREVIEWED,UNREVIEWED,UNREVIEWED,UNREVIEWED,UNREVIEWED,,,,
H032,a,3009690125,2016-08-15,2016082300585001,https://a836-acris.nyc.gov/DS/DocumentSearch/DocumentImageView?doc_id=2016082300585001,NOT_PRESERVED_IN_ARCHIVED_PANEL,UNREVIEWED,UNREVIEWED,UNREVIEWED,UNREVIEWED,UNREVIEWED,,,,
H032,z,3009690125,2025-03-14,2025032600638003,https://a836-acris.nyc.gov/DS/DocumentSearch/DocumentImageView?doc_id=2025032600638003,NOT_PRESERVED_IN_ARCHIVED_PANEL,UNREVIEWED,UNREVIEWED,UNREVIEWED,UNREVIEWED,UNREVIEWED,,,,
H033,a,3073200068,2018-07-03,,,NOT_PRESERVED_IN_ARCHIVED_PANEL,UNREVIEWED,UNREVIEWED,UNREVIEWED,UNREVIEWED,UNREVIEWED,,,,
H033,z,3073200068,2023-08-10,2023081400659001,https://a836-acris.nyc.gov/DS/DocumentSearch/DocumentImageView?doc_id=2023081400659001,NOT_PRESERVED_IN_ARCHIVED_PANEL,UNREVIEWED,UNREVIEWED,UNREVIEWED,UNREVIEWED,UNREVIEWED,,,,
H034,a,3057060054,2021-06-16,2021062300811001,https://a836-acris.nyc.gov/DS/DocumentSearch/DocumentImageView?doc_id=2021062300811001,NOT_PRESERVED_IN_ARCHIVED_PANEL,UNREVIEWED,UNREVIEWED,UNREVIEWED,UNREVIEWED,UNREVIEWED,,,,
H034,z,3057060054,2025-02-25,2026032300489001,https://a836-acris.nyc.gov/DS/DocumentSearch/DocumentImageView?doc_id=2026032300489001,NOT_PRESERVED_IN_ARCHIVED_PANEL,UNREVIEWED,UNREVIEWED,UNREVIEWED,UNREVIEWED,UNREVIEWED,,,,
H035,a,4102720011,2019-08-23,2019091701278001,https://a836-acris.nyc.gov/DS/DocumentSearch/DocumentImageView?doc_id=2019091701278001,NOT_PRESERVED_IN_ARCHIVED_PANEL,UNREVIEWED,UNREVIEWED,UNREVIEWED,UNREVIEWED,UNREVIEWED,,,,
H035,z,4102720011,2025-12-16,2025122300293001,https://a836-acris.nyc.gov/DS/DocumentSearch/DocumentImageView?doc_id=2025122300293001,NOT_PRESERVED_IN_ARCHIVED_PANEL,UNREVIEWED,UNREVIEWED,UNREVIEWED,UNREVIEWED,UNREVIEWED,,,,
H036,a,4071340078,2017-06-27,2017071000954001,https://a836-acris.nyc.gov/DS/DocumentSearch/DocumentImageView?doc_id=2017071000954001,NOT_PRESERVED_IN_ARCHIVED_PANEL,UNREVIEWED,UNREVIEWED,UNREVIEWED,UNREVIEWED,UNREVIEWED,,,,
H036,z,4071340078,2025-01-29,2025013000421001,https://a836-acris.nyc.gov/DS/DocumentSearch/DocumentImageView?doc_id=2025013000421001,NOT_PRESERVED_IN_ARCHIVED_PANEL,UNREVIEWED,UNREVIEWED,UNREVIEWED,UNREVIEWED,UNREVIEWED,,,,
H037,a,4069780011,2017-09-18,2017092701070001,https://a836-acris.nyc.gov/DS/DocumentSearch/DocumentImageView?doc_id=2017092701070001,NOT_PRESERVED_IN_ARCHIVED_PANEL,UNREVIEWED,UNREVIEWED,UNREVIEWED,UNREVIEWED,UNREVIEWED,,,,
H037,z,4069780011,2020-11-10,2020111300777001,https://a836-acris.nyc.gov/DS/DocumentSearch/DocumentImageView?doc_id=2020111300777001,NOT_PRESERVED_IN_ARCHIVED_PANEL,UNREVIEWED,UNREVIEWED,UNREVIEWED,UNREVIEWED,UNREVIEWED,,,,
H038,a,4032660043,2019-05-31,2019090500619001,https://a836-acris.nyc.gov/DS/DocumentSearch/DocumentImageView?doc_id=2019090500619001,NOT_PRESERVED_IN_ARCHIVED_PANEL,UNREVIEWED,UNREVIEWED,UNREVIEWED,UNREVIEWED,UNREVIEWED,,,,
H038,z,4032660043,2023-03-31,2023040700184003,https://a836-acris.nyc.gov/DS/DocumentSearch/DocumentImageView?doc_id=2023040700184003,NOT_PRESERVED_IN_ARCHIVED_PANEL,UNREVIEWED,UNREVIEWED,UNREVIEWED,UNREVIEWED,UNREVIEWED,,,,
H039,a,4087540036,2016-07-18,2016072800424001,https://a836-acris.nyc.gov/DS/DocumentSearch/DocumentImageView?doc_id=2016072800424001,NOT_PRESERVED_IN_ARCHIVED_PANEL,UNREVIEWED,UNREVIEWED,UNREVIEWED,UNREVIEWED,UNREVIEWED,,,,
H039,z,4087540036,2025-04-16,2025041700652001,https://a836-acris.nyc.gov/DS/DocumentSearch/DocumentImageView?doc_id=2025041700652001,NOT_PRESERVED_IN_ARCHIVED_PANEL,UNREVIEWED,UNREVIEWED,UNREVIEWED,UNREVIEWED,UNREVIEWED,,,,
H040,a,4046440001,2018-08-17,2018083100962001,https://a836-acris.nyc.gov/DS/DocumentSearch/DocumentImageView?doc_id=2018083100962001,NOT_PRESERVED_IN_ARCHIVED_PANEL,UNREVIEWED,UNREVIEWED,UNREVIEWED,UNREVIEWED,UNREVIEWED,,,,
H040,z,4046440001,2025-01-28,2025020400147001,https://a836-acris.nyc.gov/DS/DocumentSearch/DocumentImageView?doc_id=2025020400147001,NOT_PRESERVED_IN_ARCHIVED_PANEL,UNREVIEWED,UNREVIEWED,UNREVIEWED,UNREVIEWED,UNREVIEWED,,,,
H041,a,4135730003,2019-09-10,2019092501307002,https://a836-acris.nyc.gov/DS/DocumentSearch/DocumentImageView?doc_id=2019092501307002,NOT_PRESERVED_IN_ARCHIVED_PANEL,UNREVIEWED,UNREVIEWED,UNREVIEWED,UNREVIEWED,UNREVIEWED,,,,
H041,z,4135730003,2023-07-18,2023072800806001,https://a836-acris.nyc.gov/DS/DocumentSearch/DocumentImageView?doc_id=2023072800806001,NOT_PRESERVED_IN_ARCHIVED_PANEL,UNREVIEWED,UNREVIEWED,UNREVIEWED,UNREVIEWED,UNREVIEWED,,,,
H042,a,4051090130,2017-06-19,2017070800021001,https://a836-acris.nyc.gov/DS/DocumentSearch/DocumentImageView?doc_id=2017070800021001,NOT_PRESERVED_IN_ARCHIVED_PANEL,UNREVIEWED,UNREVIEWED,UNREVIEWED,UNREVIEWED,UNREVIEWED,,,,
H042,z,4051090130,2025-10-21,2025111100163001,https://a836-acris.nyc.gov/DS/DocumentSearch/DocumentImageView?doc_id=2025111100163001,NOT_PRESERVED_IN_ARCHIVED_PANEL,UNREVIEWED,UNREVIEWED,UNREVIEWED,UNREVIEWED,UNREVIEWED,,,,
H043,a,3013780018,2017-04-28,2017050600054001,https://a836-acris.nyc.gov/DS/DocumentSearch/DocumentImageView?doc_id=2017050600054001,NOT_PRESERVED_IN_ARCHIVED_PANEL,UNREVIEWED,UNREVIEWED,UNREVIEWED,UNREVIEWED,UNREVIEWED,,,,
H043,z,3013780018,2021-03-08,2021031100733001,https://a836-acris.nyc.gov/DS/DocumentSearch/DocumentImageView?doc_id=2021031100733001,NOT_PRESERVED_IN_ARCHIVED_PANEL,UNREVIEWED,UNREVIEWED,UNREVIEWED,UNREVIEWED,UNREVIEWED,,,,
H044,a,3013940005,2017-05-30,2017061200909001,https://a836-acris.nyc.gov/DS/DocumentSearch/DocumentImageView?doc_id=2017061200909001,NOT_PRESERVED_IN_ARCHIVED_PANEL,UNREVIEWED,UNREVIEWED,UNREVIEWED,UNREVIEWED,UNREVIEWED,,,,
H044,z,3013940005,2023-03-03,,,NOT_PRESERVED_IN_ARCHIVED_PANEL,UNREVIEWED,UNREVIEWED,UNREVIEWED,UNREVIEWED,UNREVIEWED,,,,
H045,a,4076080034,2019-04-30,2019051000657001,https://a836-acris.nyc.gov/DS/DocumentSearch/DocumentImageView?doc_id=2019051000657001,NOT_PRESERVED_IN_ARCHIVED_PANEL,UNREVIEWED,UNREVIEWED,UNREVIEWED,UNREVIEWED,UNREVIEWED,,,,
H045,z,4076080034,2025-06-18,2025062300531001,https://a836-acris.nyc.gov/DS/DocumentSearch/DocumentImageView?doc_id=2025062300531001,NOT_PRESERVED_IN_ARCHIVED_PANEL,UNREVIEWED,UNREVIEWED,UNREVIEWED,UNREVIEWED,UNREVIEWED,,,,
H046,a,3085260062,2018-10-03,2018101000958001,https://a836-acris.nyc.gov/DS/DocumentSearch/DocumentImageView?doc_id=2018101000958001,NOT_PRESERVED_IN_ARCHIVED_PANEL,UNREVIEWED,UNREVIEWED,UNREVIEWED,UNREVIEWED,UNREVIEWED,,,,
H046,z,3085260062,2023-01-13,2023011900876001,https://a836-acris.nyc.gov/DS/DocumentSearch/DocumentImageView?doc_id=2023011900876001,NOT_PRESERVED_IN_ARCHIVED_PANEL,UNREVIEWED,UNREVIEWED,UNREVIEWED,UNREVIEWED,UNREVIEWED,,,,
H047,a,4060230009,2016-05-26,2016053101053001,https://a836-acris.nyc.gov/DS/DocumentSearch/DocumentImageView?doc_id=2016053101053001,NOT_PRESERVED_IN_ARCHIVED_PANEL,UNREVIEWED,UNREVIEWED,UNREVIEWED,UNREVIEWED,UNREVIEWED,,,,
H047,z,4060230009,2023-12-15,2024010800516001,https://a836-acris.nyc.gov/DS/DocumentSearch/DocumentImageView?doc_id=2024010800516001,NOT_PRESERVED_IN_ARCHIVED_PANEL,UNREVIEWED,UNREVIEWED,UNREVIEWED,UNREVIEWED,UNREVIEWED,,,,
H048,a,4141750036,2017-10-18,2017102401105001,https://a836-acris.nyc.gov/DS/DocumentSearch/DocumentImageView?doc_id=2017102401105001,NOT_PRESERVED_IN_ARCHIVED_PANEL,UNREVIEWED,UNREVIEWED,UNREVIEWED,UNREVIEWED,UNREVIEWED,,,,
H048,z,4141750036,2020-12-10,2020122400434001,https://a836-acris.nyc.gov/DS/DocumentSearch/DocumentImageView?doc_id=2020122400434001,NOT_PRESERVED_IN_ARCHIVED_PANEL,UNREVIEWED,UNREVIEWED,UNREVIEWED,UNREVIEWED,UNREVIEWED,,,,
H049,a,4097360122,2016-05-16,2016051800786001,https://a836-acris.nyc.gov/DS/DocumentSearch/DocumentImageView?doc_id=2016051800786001,NOT_PRESERVED_IN_ARCHIVED_PANEL,UNREVIEWED,UNREVIEWED,UNREVIEWED,UNREVIEWED,UNREVIEWED,,,,
H049,z,4097360122,2022-08-26,2022092000944001,https://a836-acris.nyc.gov/DS/DocumentSearch/DocumentImageView?doc_id=2022092000944001,NOT_PRESERVED_IN_ARCHIVED_PANEL,UNREVIEWED,UNREVIEWED,UNREVIEWED,UNREVIEWED,UNREVIEWED,,,,
H050,a,2046640033,2017-07-05,2017071301000001,https://a836-acris.nyc.gov/DS/DocumentSearch/DocumentImageView?doc_id=2017071301000001,NOT_PRESERVED_IN_ARCHIVED_PANEL,UNREVIEWED,UNREVIEWED,UNREVIEWED,UNREVIEWED,UNREVIEWED,,,,
H050,z,2046640033,2023-02-01,2023021500169001,https://a836-acris.nyc.gov/DS/DocumentSearch/DocumentImageView?doc_id=2023021500169001,NOT_PRESERVED_IN_ARCHIVED_PANEL,UNREVIEWED,UNREVIEWED,UNREVIEWED,UNREVIEWED,UNREVIEWED,,,,
H051,a,2043730001,2020-11-17,2020120400130001,https://a836-acris.nyc.gov/DS/DocumentSearch/DocumentImageView?doc_id=2020120400130001,NOT_PRESERVED_IN_ARCHIVED_PANEL,UNREVIEWED,UNREVIEWED,UNREVIEWED,UNREVIEWED,UNREVIEWED,,,,
H051,z,2043730001,2024-01-29,2024020500378001,https://a836-acris.nyc.gov/DS/DocumentSearch/DocumentImageView?doc_id=2024020500378001,NOT_PRESERVED_IN_ARCHIVED_PANEL,UNREVIEWED,UNREVIEWED,UNREVIEWED,UNREVIEWED,UNREVIEWED,,,,
H052,a,4067230047,2016-05-11,2016060101155001,https://a836-acris.nyc.gov/DS/DocumentSearch/DocumentImageView?doc_id=2016060101155001,NOT_PRESERVED_IN_ARCHIVED_PANEL,UNREVIEWED,UNREVIEWED,UNREVIEWED,UNREVIEWED,UNREVIEWED,,,,
H052,z,4067230047,2019-06-10,2019061100356001,https://a836-acris.nyc.gov/DS/DocumentSearch/DocumentImageView?doc_id=2019061100356001,NOT_PRESERVED_IN_ARCHIVED_PANEL,UNREVIEWED,UNREVIEWED,UNREVIEWED,UNREVIEWED,UNREVIEWED,,,,
H053,a,4106630041,2019-05-06,,,NOT_PRESERVED_IN_ARCHIVED_PANEL,UNREVIEWED,UNREVIEWED,UNREVIEWED,UNREVIEWED,UNREVIEWED,,,,
H053,z,4106630041,2023-11-28,2023120800533001,https://a836-acris.nyc.gov/DS/DocumentSearch/DocumentImageView?doc_id=2023120800533001,NOT_PRESERVED_IN_ARCHIVED_PANEL,UNREVIEWED,UNREVIEWED,UNREVIEWED,UNREVIEWED,UNREVIEWED,,,,
