type,threshold,year,borough,local_sales,financed,cash
all,500000,2020,1,288,168,120
all,500000,2020,2,1135,890,245
all,500000,2020,3,1489,1132,357
all,500000,2020,4,3015,2275,740
all,500000,2021,1,561,327,234
all,500000,2021,2,1234,992,242
all,500000,2021,3,1862,1476,386
all,500000,2021,4,3411,2510,901
all,500000,2022,1,451,260,191
all,500000,2022,2,1045,786,259
all,500000,2022,3,1584,1124,460
all,500000,2022,4,2752,1898,854
all,500000,2023,1,337,152,185
all,500000,2023,2,784,602,182
all,500000,2023,3,1219,757,462
all,500000,2023,4,2252,1363,889
all,500000,2024,1,348,145,203
all,500000,2024,2,679,495,184
all,500000,2024,3,1165,705,460
all,500000,2024,4,2168,1232,936
all,500000,2025,1,418,165,253
all,500000,2025,2,652,409,243
all,500000,2025,3,1056,593,463
all,500000,2025,4,2035,1123,912
all,1000000,2020,1,432,240,192
all,1000000,2020,2,190,144,46
all,1000000,2020,3,1512,1236,276
all,1000000,2020,4,1786,1502,284
all,1000000,2021,1,879,564,315
all,1000000,2021,2,441,372,69
all,1000000,2021,3,2598,2198,400
all,1000000,2021,4,3132,2673,459
all,1000000,2022,1,780,470,310
all,1000000,2022,2,571,476,95
all,1000000,2022,3,2226,1820,406
all,1000000,2022,4,3103,2609,494
all,1000000,2023,1,581,250,331
all,1000000,2023,2,410,352,58
all,1000000,2023,3,1647,1250,397
all,1000000,2023,4,2246,1725,521
all,1000000,2024,1,585,239,346
all,1000000,2024,2,544,466,78
all,1000000,2024,3,1612,1200,412
all,1000000,2024,4,2439,1860,579
all,1000000,2025,1,690,303,387
all,1000000,2025,2,618,526,92
all,1000000,2025,3,1668,1269,399
all,1000000,2025,4,2650,2097,553
all,2000000,2020,1,201,99,102
all,2000000,2020,2,5,1,4
all,2000000,2020,3,265,197,68
all,2000000,2020,4,53,41,12
all,2000000,2021,1,469,254,215
all,2000000,2021,2,9,5,4
all,2000000,2021,3,513,382,131
all,2000000,2021,4,85,64,21
all,2000000,2022,1,384,206,178
all,2000000,2022,2,8,3,5
all,2000000,2022,3,566,427,139
all,2000000,2022,4,150,110,40
all,2000000,2023,1,251,92,159
all,2000000,2023,2,9,3,6
all,2000000,2023,3,378,260,118
all,2000000,2023,4,105,65,40
all,2000000,2024,1,303,115,188
all,2000000,2024,2,9,5,4
all,2000000,2024,3,457,312,145
all,2000000,2024,4,130,84,46
all,2000000,2025,1,306,115,191
all,2000000,2025,2,13,5,8
all,2000000,2025,3,511,380,131
all,2000000,2025,4,149,108,41
all,3000000,2020,1,100,56,44
all,3000000,2020,2,0,0,0
all,3000000,2020,3,62,43,19
all,3000000,2020,4,3,2,1
all,3000000,2021,1,214,105,109
all,3000000,2021,2,5,1,4
all,3000000,2021,3,142,107,35
all,3000000,2021,4,6,0,6
all,3000000,2022,1,216,105,111
all,3000000,2022,2,0,0,0
all,3000000,2022,3,155,107,48
all,3000000,2022,4,9,6,3
all,3000000,2023,1,148,47,101
all,3000000,2023,2,1,0,1
all,3000000,2023,3,113,69,44
all,3000000,2023,4,7,1,6
all,3000000,2024,1,141,43,98
all,3000000,2024,2,5,1,4
all,3000000,2024,3,142,88,54
all,3000000,2024,4,9,5,4
all,3000000,2025,1,159,59,100
all,3000000,2025,2,4,0,4
all,3000000,2025,3,195,116,79
all,3000000,2025,4,15,10,5
house,500000,2020,1,1,1,0
house,500000,2020,2,1094,858,236
house,500000,2020,3,893,685,208
house,500000,2020,4,2505,1942,563
house,500000,2021,1,7,0,7
house,500000,2021,2,1151,928,223
house,500000,2021,3,966,733,233
house,500000,2021,4,2540,1924,616
house,500000,2022,1,2,0,2
house,500000,2022,2,968,726,242
house,500000,2022,3,765,527,238
house,500000,2022,4,1835,1299,536
house,500000,2023,1,1,0,1
house,500000,2023,2,720,550,170
house,500000,2023,3,671,401,270
house,500000,2023,4,1629,1010,619
house,500000,2024,1,4,0,4
house,500000,2024,2,609,441,168
house,500000,2024,3,644,385,259
house,500000,2024,4,1480,859,621
house,500000,2025,1,3,2,1
house,500000,2025,2,582,356,226
house,500000,2025,3,553,286,267
house,500000,2025,4,1272,685,587
house,1000000,2020,1,3,1,2
house,1000000,2020,2,186,141,45
house,1000000,2020,3,1061,875,186
house,1000000,2020,4,1677,1425,252
house,1000000,2021,1,7,3,4
house,1000000,2021,2,431,365,66
house,1000000,2021,3,1675,1421,254
house,1000000,2021,4,2902,2507,395
house,1000000,2022,1,14,10,4
house,1000000,2022,2,563,470,93
house,1000000,2022,3,1481,1234,247
house,1000000,2022,4,2910,2471,439
house,1000000,2023,1,8,3,5
house,1000000,2023,2,400,347,53
house,1000000,2023,3,1201,936,265
house,1000000,2023,4,2106,1651,455
house,1000000,2024,1,12,5,7
house,1000000,2024,2,538,464,74
house,1000000,2024,3,1140,886,254
house,1000000,2024,4,2265,1765,500
house,1000000,2025,1,9,6,3
house,1000000,2025,2,611,524,87
house,1000000,2025,3,1198,968,230
house,1000000,2025,4,2394,1957,437
house,2000000,2020,1,6,4,2
house,2000000,2020,2,5,1,4
house,2000000,2020,3,186,138,48
house,2000000,2020,4,43,31,12
house,2000000,2021,1,13,11,2
house,2000000,2021,2,9,5,4
house,2000000,2021,3,331,239,92
house,2000000,2021,4,71,54,17
house,2000000,2022,1,9,7,2
house,2000000,2022,2,8,3,5
house,2000000,2022,3,372,277,95
house,2000000,2022,4,129,95,34
house,2000000,2023,1,3,3,0
house,2000000,2023,2,9,3,6
house,2000000,2023,3,271,197,74
house,2000000,2023,4,86,52,34
house,2000000,2024,1,9,7,2
house,2000000,2024,2,9,5,4
house,2000000,2024,3,325,239,86
house,2000000,2024,4,114,80,34
house,2000000,2025,1,14,10,4
house,2000000,2025,2,13,5,8
house,2000000,2025,3,339,269,70
house,2000000,2025,4,134,102,32
house,3000000,2020,1,4,3,1
house,3000000,2020,2,0,0,0
house,3000000,2020,3,55,37,18
house,3000000,2020,4,3,2,1
house,3000000,2021,1,10,6,4
house,3000000,2021,2,5,1,4
house,3000000,2021,3,105,79,26
house,3000000,2021,4,5,0,5
house,3000000,2022,1,4,3,1
house,3000000,2022,2,0,0,0
house,3000000,2022,3,96,68,28
house,3000000,2022,4,7,4,3
house,3000000,2023,1,4,0,4
house,3000000,2023,2,1,0,1
house,3000000,2023,3,78,51,27
house,3000000,2023,4,4,1,3
house,3000000,2024,1,6,4,2
house,3000000,2024,2,5,1,4
house,3000000,2024,3,106,72,34
house,3000000,2024,4,8,5,3
house,3000000,2025,1,4,2,2
house,3000000,2025,2,4,0,4
house,3000000,2025,3,124,78,46
house,3000000,2025,4,13,9,4
condo,500000,2020,1,287,167,120
condo,500000,2020,2,41,32,9
condo,500000,2020,3,596,447,149
condo,500000,2020,4,510,333,177
condo,500000,2021,1,554,327,227
condo,500000,2021,2,83,64,19
condo,500000,2021,3,896,743,153
condo,500000,2021,4,871,586,285
condo,500000,2022,1,449,260,189
condo,500000,2022,2,77,60,17
condo,500000,2022,3,819,597,222
condo,500000,2022,4,917,599,318
condo,500000,2023,1,336,152,184
condo,500000,2023,2,64,52,12
condo,500000,2023,3,548,356,192
condo,500000,2023,4,623,353,270
condo,500000,2024,1,344,145,199
condo,500000,2024,2,70,54,16
condo,500000,2024,3,521,320,201
condo,500000,2024,4,688,373,315
condo,500000,2025,1,415,163,252
condo,500000,2025,2,70,53,17
condo,500000,2025,3,503,307,196
condo,500000,2025,4,763,438,325
condo,1000000,2020,1,429,239,190
condo,1000000,2020,2,4,3,1
condo,1000000,2020,3,451,361,90
condo,1000000,2020,4,109,77,32
condo,1000000,2021,1,872,561,311
condo,1000000,2021,2,10,7,3
condo,1000000,2021,3,923,777,146
condo,1000000,2021,4,230,166,64
condo,1000000,2022,1,766,460,306
condo,1000000,2022,2,8,6,2
condo,1000000,2022,3,745,586,159
condo,1000000,2022,4,193,138,55
condo,1000000,2023,1,573,247,326
condo,1000000,2023,2,10,5,5
condo,1000000,2023,3,446,314,132
condo,1000000,2023,4,140,74,66
condo,1000000,2024,1,573,234,339
condo,1000000,2024,2,6,2,4
condo,1000000,2024,3,472,314,158
condo,1000000,2024,4,174,95,79
condo,1000000,2025,1,681,297,384
condo,1000000,2025,2,7,2,5
condo,1000000,2025,3,470,301,169
condo,1000000,2025,4,256,140,116
condo,2000000,2020,1,195,95,100
condo,2000000,2020,2,0,0,0
condo,2000000,2020,3,79,59,20
condo,2000000,2020,4,10,10,0
condo,2000000,2021,1,456,243,213
condo,2000000,2021,2,0,0,0
condo,2000000,2021,3,182,143,39
condo,2000000,2021,4,14,10,4
condo,2000000,2022,1,375,199,176
condo,2000000,2022,2,0,0,0
condo,2000000,2022,3,194,150,44
condo,2000000,2022,4,21,15,6
condo,2000000,2023,1,248,89,159
condo,2000000,2023,2,0,0,0
condo,2000000,2023,3,107,63,44
condo,2000000,2023,4,19,13,6
condo,2000000,2024,1,294,108,186
condo,2000000,2024,2,0,0,0
condo,2000000,2024,3,132,73,59
condo,2000000,2024,4,16,4,12
condo,2000000,2025,1,292,105,187
condo,2000000,2025,2,0,0,0
condo,2000000,2025,3,172,111,61
condo,2000000,2025,4,15,6,9
condo,3000000,2020,1,96,53,43
condo,3000000,2020,2,0,0,0
condo,3000000,2020,3,7,6,1
condo,3000000,2020,4,0,0,0
condo,3000000,2021,1,204,99,105
condo,3000000,2021,2,0,0,0
condo,3000000,2021,3,37,28,9
condo,3000000,2021,4,1,0,1
condo,3000000,2022,1,212,102,110
condo,3000000,2022,2,0,0,0
condo,3000000,2022,3,59,39,20
condo,3000000,2022,4,2,2,0
condo,3000000,2023,1,144,47,97
condo,3000000,2023,2,0,0,0
condo,3000000,2023,3,35,18,17
condo,3000000,2023,4,3,0,3
condo,3000000,2024,1,135,39,96
condo,3000000,2024,2,0,0,0
condo,3000000,2024,3,36,16,20
condo,3000000,2024,4,1,0,1
condo,3000000,2025,1,155,57,98
condo,3000000,2025,2,0,0,0
condo,3000000,2025,3,71,38,33
condo,3000000,2025,4,2,1,1
