ols,huber,trim_1_99,trim_2.5_97.5
0.0976480431744281,0.07555277899026927,0.079035774182672,0.054948267615023444
0.09990601493457096,0.07656209404904155,0.07996757179057845,0.05766783140475565
0.11458477418936773,0.09200957667029491,0.09498611054224945,0.06807380216216181
0.11176287867509768,0.09131601183463639,0.0915391217421758,0.07263442525611784
0.10186163430005893,0.0755409118878623,0.08248988183856094,0.05659955711300105
0.10523274695310116,0.08202792228914639,0.08649946205332514,0.06500232993964011
0.1018019271322898,0.07520190626610138,0.08035270568224943,0.056810812293169345
0.12848815545847297,0.10363560759649791,0.11060159636859593,0.08446702199618392
0.10874307796375589,0.0897872946501438,0.09007913611126175,0.07434557881157523
0.10268405577960096,0.08851780130862096,0.0933118781763648,0.07045034271860029
0.11789510023388985,0.09712106943640789,0.09703617486317256,0.07216044452719213
0.1165285934718421,0.09219880900864891,0.09608066427834763,0.07529815543695946
0.11134019198032462,0.08568779711990192,0.07943395021465231,0.05508812783837571
0.11148178897866456,0.088297777287144,0.09152039981381352,0.06681946608001829
0.1207651175272409,0.08772701780676705,0.09130254826067012,0.06271089981004828
0.11173249901883159,0.08245221728044422,0.09228452892560635,0.06720371511192831
0.1253338346560626,0.09592388738764512,0.09627273602090092,0.06440188519884675
0.12479669791464579,0.09653824717316972,0.09545142755017721,0.07864641066347305
0.1265088289148825,0.09388452647183325,0.104983574612939,0.06696606172692009
0.10350034039067367,0.081425342301578,0.08483703484235663,0.06743988108238856
0.11463902173393972,0.08635623411724089,0.08842269961233351,0.0647966668254285
0.115926713021834,0.09120438503945902,0.09092138545796069,0.06674101469294307
0.10742895765813543,0.08477901151342715,0.08942960361679446,0.07352509845089181
0.11924633225757766,0.08562170820808052,0.09172453470187923,0.06585806018065703
0.11645588440529367,0.09119070090063168,0.09556087886670964,0.07136946859579103
0.12239109711120537,0.0911943890798471,0.0991231004507056,0.07408105465705812
0.12519178682070714,0.09274527525716075,0.10180744553656657,0.07736052825450175
0.1172533772756502,0.0897488582806105,0.09379270434702565,0.0732741439309842
0.1322113898870857,0.09961087605107577,0.10171983794625625,0.0709364232378603
0.09357489686679817,0.07645601438565591,0.07326692669129281,0.055249805857450554
0.11449474703566029,0.09016258699180062,0.09201532909438613,0.07605626785154916
0.10545675320874556,0.07776825625498543,0.0824485600137268,0.06220521424683813
0.11360032045050245,0.0905026681327353,0.0937065169210676,0.07086237232382636
0.12469520532204001,0.09590188280320577,0.10136282885840991,0.07579073978593118
0.10819580325956259,0.08057274924820072,0.08613285773255952,0.06578829354085314
0.12157577660045712,0.09525264535004085,0.09674124210078497,0.06927588772014495
0.1168683637404174,0.08909772257267783,0.09540194717979203,0.07081939007492916
0.10123466329209121,0.07132327199003742,0.07984753792588348,0.055304518455311404
0.12108549577309777,0.09284638820755814,0.09570950138422822,0.0722950679975938
0.10903865388462078,0.08130081378905687,0.08454078491561429,0.06419087904902539
0.11853977074851167,0.09504439989492658,0.09346520210424575,0.07482883950618241
0.11826755508342546,0.08543197444165376,0.08955866017091324,0.06605798092598505
0.10904639615522713,0.08564106842983712,0.0890771676566057,0.06583555273045198
0.10636284802350685,0.08898977215062276,0.08229615444007818,0.07189528556321115
0.10072240297865877,0.08102661334017765,0.08407054851258139,0.06248091964120129
0.11598465995483988,0.08611297323572989,0.09980723873753877,0.07324763627485496
0.11980876942538082,0.08948198133194989,0.10430723859490754,0.07448913546625296
0.12711515915298466,0.09526079141556372,0.10755456841731947,0.07580994646649052
0.12770994131881105,0.09332498434633502,0.10269845776645471,0.07445379479823612
0.11588217596516329,0.08719845267057269,0.08607150898383457,0.06248354045369649
0.14182484966288939,0.10634236719856263,0.1151856728127767,0.08262774393175022
0.1231596905414963,0.09444683773735622,0.0979373980629618,0.07707304826568585
0.10497036320023952,0.08025742795823554,0.08796238999416808,0.06613086369578802
0.10656577091533595,0.08373654121704938,0.08983519518449475,0.06536975899752423
0.11634946448765279,0.09204106149543398,0.09660416182356477,0.06869563816474913
0.12537229126427596,0.0940422170294477,0.10606131053486471,0.07679445160391349
0.11274934563601038,0.08402774291718906,0.09242899515203482,0.06337505924574108
0.12145140312365665,0.09016697563685527,0.09136330777599971,0.06752918284622579
0.1098887920094756,0.08914778089890085,0.08820337137612004,0.06878808375564216
0.11581680129426322,0.09732135294525604,0.10013034672516281,0.07558982516421796
0.10347145566483344,0.08523976616333266,0.09027312681470166,0.061540881295238097
0.11236773192641172,0.08452704325442827,0.08834698685649486,0.059110619060683975
0.11538683232347594,0.08785710590030221,0.09662634516672944,0.0737308459306034
0.11969174506169997,0.09648864576967603,0.09436644362939314,0.06520586076889796
0.1118674435861757,0.08326900127016623,0.08804401933020042,0.06610507954913611
0.1256028890546113,0.09708169528366684,0.0975138777379567,0.07138010057626556
0.09187028769523503,0.06965165689107533,0.06906613545398475,0.05245944738469037
0.10568185862184495,0.08329830612007227,0.0865721487508011,0.06842314329561427
0.09594803363213233,0.07656643052804885,0.0758152678269112,0.057648700316525664
0.1115459078375707,0.0904181006955571,0.09704625540348064,0.0747044307395529
0.10674295060179732,0.08596933679769855,0.08805153542864944,0.06941933808031654
0.11612102476483108,0.08898107660602395,0.0926109098640218,0.0628488976613773
0.10059705040052383,0.07563661155436718,0.08414315963705937,0.06285318337397205
0.12143640193619025,0.09238324925637352,0.10252447858583222,0.07525511992235226
0.10790143172676353,0.07518429941215944,0.09018357099176602,0.056321308520407606
0.13790211217263532,0.103864140132476,0.10848186217770883,0.08976594709714056
0.11827852475574654,0.09247141343237203,0.0998739716386172,0.06836148403610756
0.1101074857876321,0.08669931711438317,0.08641399961793467,0.061595511656400675
0.12406154623590883,0.08676650711299383,0.09780938064851138,0.06862674261434262
0.1296665898752812,0.10455436424753943,0.11082393669400038,0.08092954762715102
0.123537033625442,0.09469101607243477,0.10296942923077418,0.07176172843703793
0.14454342876720305,0.10686146886268896,0.11488976213058522,0.08527778401197786
0.12181063172675374,0.09776505154053575,0.10068195677252734,0.07228651219376621
0.10982545917730338,0.08701981609114993,0.09003600580535549,0.07375768406878713
0.11996614816408738,0.09309441310318085,0.09737816563956389,0.0729045556947486
0.10037324197185012,0.07088213713660466,0.07951151252791126,0.06316013196131738
0.10525998217890283,0.08249526335927607,0.0856649304279464,0.06236749038891122
0.11899041530715183,0.08884057941441388,0.09858087507921318,0.068561181923727
0.11663156993618631,0.09848362828771554,0.09720194198853646,0.07827178419388242
0.11231782847359467,0.09560613261128921,0.09304650168477069,0.07686667110908728
0.12024851079705277,0.08998312885088611,0.0957693737262009,0.06912015832436733
0.10621227325755986,0.08854143799517247,0.0859517396670988,0.06308089367695659
0.11936125971903239,0.09356929837906047,0.10131474223175657,0.07134733221433587
0.1066629264964443,0.08481280360835944,0.08335468230915041,0.06725124265448691
0.12804015182951642,0.0988129731455441,0.10009673868501898,0.07213264334535302
0.10752177720427043,0.08359095982228226,0.09250193108058798,0.06435720120867039
0.09729460142246563,0.07691707048770502,0.07979241037699182,0.06252664458863975
0.11033445347169696,0.08585083912764122,0.09302694565347708,0.07071241982630667
0.11621859217397798,0.08710800592895701,0.09681041444823446,0.07072788321219894
0.10403306641159213,0.0799539729097696,0.08271087382938488,0.05398781791882423
0.1185031209381543,0.09058480997626278,0.09450495913286071,0.0678307656636587
0.12102242346498635,0.10040126877511427,0.1009663630747975,0.07849642709585747
0.09026717814839375,0.06922368671643939,0.07475905315274656,0.04961595520581452
0.1202426722367527,0.09316195112647332,0.10022921395404365,0.0776682629822785
0.11256858768025446,0.0830144868225291,0.09100024782357918,0.06374173478987812
0.11267193031710179,0.08482889266227042,0.09463533152036588,0.06488379414733743
0.11700554469032043,0.08966163318980566,0.08951762214553557,0.06674850678169462
0.09384222033898904,0.06805823207639744,0.08010418816656117,0.053640957344202954
0.09524421892216323,0.07190102590919778,0.0704182593864685,0.05416214963182924
0.10602074136408793,0.08225395797957777,0.08833014221563669,0.06409621097786619
0.12073425839394603,0.09768564733221122,0.0982141182263887,0.07075855631615738
0.09962007146813227,0.07330393859754727,0.08229462895225306,0.05399165860486722
0.12562946414459325,0.09101910888969575,0.10045699120528967,0.07265369006719563
0.13157734833624327,0.10034864750654482,0.10632577034342665,0.07682597677583299
0.11630891872750876,0.08830182785399235,0.09184887719168923,0.07293066931715611
0.11168270415852578,0.08091866891680627,0.09316986474882297,0.06490518981185839
0.11452970725321915,0.08927075936046812,0.10113632353532453,0.07350315760087585
0.11096590560842973,0.09057998925355239,0.08887031359398734,0.06645995719150491
0.13887409048873706,0.11385591532265704,0.12071908440603632,0.09050749005164996
0.12284814010050389,0.09841621152311274,0.10872811354137188,0.08103154616537961
0.11639085667089213,0.09333955292616865,0.09695820363599156,0.07127470126624032
0.10050694828297063,0.07573382772026321,0.07541195357287278,0.05505287242143287
0.11363713563561592,0.09045013221698181,0.09670108118426128,0.06538156127056326
0.12186298017051087,0.09880443325239949,0.09732162719713139,0.0743086761374454
0.11660475426203029,0.08449122443839487,0.09522994437055643,0.06494922913953102
0.11997890537182532,0.08892082149983162,0.09385687633105372,0.07076209190026167
0.11199047278049415,0.08949940380733773,0.08922875520526796,0.0676336960919253
0.09196911877207531,0.07083237930107018,0.07504831934074832,0.059465331675461815
0.12449977466995137,0.09201145397857696,0.10463991339438755,0.0807798034735811
0.10579657269719997,0.08300984721160587,0.09527553122638072,0.07591273982733673
0.10687703326892531,0.08849188809417341,0.09075361053687228,0.07087579514805013
0.11808947783721582,0.08843361047563018,0.09768789341427843,0.0755996819520431
0.11726561661316201,0.08645940599212933,0.09992006767853684,0.07179706159206198
0.11909339199149106,0.08944884111413054,0.10302272310060434,0.0742351498203026
0.11324602410000784,0.08796237877343856,0.09145471002338783,0.07171833523909933
0.10862430664705072,0.0830289861320441,0.08385470196293714,0.06311717069510678
0.10324334852430811,0.07799125515124634,0.08643697090693425,0.06693887608814361
0.11471836287613543,0.08239685068350375,0.08898757783268604,0.059462064309198495
0.1206374219785678,0.09196035382126722,0.09484019723065337,0.0674126826830521
0.10530416141911222,0.0819865480710085,0.08533852358349234,0.06188971779312975
0.10817088795658487,0.08538565031057632,0.09292869479844658,0.07435651563917908
0.10497306686649754,0.08453777479649899,0.08792405943113657,0.06507566834322556
0.11775006534875787,0.09114023991793728,0.09636325070772715,0.07268147135460502
0.11061771295434647,0.08567127842867674,0.09234612585151786,0.06924331203499169
0.11499901038955665,0.09094780105836228,0.09382038616566096,0.0724954692317826
0.11607801957282217,0.08539039387753994,0.08900100953681105,0.06657937101607747
0.11076484600566769,0.08794386139986896,0.08516136828204321,0.06524883012427275
0.11969727087725254,0.09098470384680832,0.10266722173226345,0.07525200450869896
0.11600728249533224,0.09137369681173718,0.09985074475562551,0.07113731215008723
0.1051955518690442,0.08145486266389726,0.08527276503488718,0.06453848096036444
0.11805531610108695,0.09165773469500471,0.0964063002087805,0.07113874491098565
0.10782275407142998,0.0801898247120071,0.08399923502530968,0.06045111908872911
0.1191105748406128,0.09031198267659771,0.09486823382567669,0.06705691991701551
0.11909245142319169,0.0845084581686715,0.09299986582157976,0.06347949860716515
0.11706031757822884,0.0972325367876253,0.0989583742965949,0.0793795542151743
0.11029824335663495,0.08408378221410936,0.08174471884925334,0.05986069915504762
0.12416915250651916,0.09627067247879809,0.10112834403150456,0.07955458153136775
0.11066120695642928,0.08727119449941131,0.08306916846516382,0.059582259993951926
0.10772582491613368,0.08392686420996659,0.08567427382296523,0.06384953990452005
0.12229488437022315,0.09448718731405602,0.10186614827940149,0.07228573044575219
0.1013695758137052,0.08406659682807388,0.07862188282382196,0.060081382301173825
0.11473574497037231,0.09516009820927185,0.09124017978206163,0.07088398303092663
0.10281309188771018,0.08082870375471377,0.08115223038571498,0.06571477480930359
0.11701924270506103,0.08607946546568185,0.10043467517468223,0.0703605469309126
0.11523519548711275,0.09405282017388553,0.09023547311513638,0.06801522090407626
0.11607582976796871,0.09898827267631527,0.09942006868872535,0.08273097593696387
0.10411627475246799,0.0851786589830574,0.08267495464610859,0.06368040201881613
0.1158675303283284,0.09589484044922539,0.09618700507303923,0.07174889874714961
0.12802214429668013,0.0894574650740249,0.10921952977768037,0.07333677430044763
0.10779767576475548,0.08967057842238095,0.09126814964718402,0.07407737827138777
0.11286531286912832,0.08989461240500207,0.08981468622045433,0.06937516035266872
0.1337717401798845,0.10655920616850087,0.11275774824495294,0.08349585430374129
0.10419579648055419,0.0827778951275533,0.08583248965665968,0.06346977096422801
0.12474353842392154,0.09975707069949888,0.10805294412909769,0.07914084075260461
0.11575465713499311,0.08794977340499253,0.0936840628032129,0.06745383191058205
0.1150479868461852,0.0888971775480818,0.09232868776573601,0.06744182856557593
0.11389278209955064,0.09242400381856036,0.09661719770313414,0.06904409810532267
0.1192795445518837,0.08379150272260423,0.09225289679256195,0.06178373589063486
0.10552280523824742,0.08400879816519008,0.08820117624866605,0.0705585033373665
0.09584014235625313,0.07709192376311232,0.0752503757300613,0.06217821880149017
0.11536782634801748,0.08682796372457793,0.09525913191249731,0.07101948286455491
0.11699387074323103,0.08895623964081123,0.0974675753729049,0.06834061816871799
0.11838190759194218,0.08937137031768513,0.0992467693926043,0.06959730421176591
0.12594815326249517,0.09439260868763089,0.10293782328233475,0.07627703609788648
0.11310500473837307,0.08538460528483072,0.08820246105130278,0.06611161085043024
0.11876967704743863,0.08831435925961414,0.09493147669026658,0.06952479641069931
0.11148221767785571,0.08652948909517513,0.0893177049524293,0.06377249069597407
0.11782888768023132,0.09327979924893445,0.09874339365210101,0.06637578062254788
0.11200043238009755,0.08819299048655932,0.09409563260373476,0.07107162607090371
0.13863119197003737,0.09924031518316562,0.10904864666917873,0.07490630734409184
0.1058060645352091,0.08445532034199146,0.09622065059482487,0.07302724958956931
0.10176018903755385,0.07593045901676504,0.08179787164896168,0.060990777891500605
0.1111163797569041,0.08143477816325283,0.0889641662940274,0.062080063831803124
0.10540311306220086,0.07704372276070172,0.08975184754650153,0.06264251329029921
0.11561769087165535,0.0874756411249214,0.09363220643505651,0.06508982550880883
0.11563651371481593,0.08874403858220488,0.09682297654302624,0.06853938287481648
0.09589892644244347,0.07345065936156844,0.0777504692190505,0.05013134830109391
0.12074836165903731,0.09511640683013643,0.10374357853860502,0.0743235007019455
0.13265653485340148,0.10358423190107949,0.11418655276296058,0.08847719050823538
0.11207453245985416,0.08907540298108803,0.0968250592288109,0.07349180912951989
0.11372936602567765,0.0872346549194313,0.09037002610343497,0.06845582697653657
0.1217948755883312,0.09466771625420166,0.09706554594839267,0.07770714955289287
0.1172902795299735,0.08717675600560852,0.09968687030445421,0.07196253240180511
0.10315505888339671,0.08472048200917696,0.0943604901327626,0.06975650214074947
0.12596890394653565,0.09462978171923764,0.10110059798482451,0.07154797086697631
0.11519861930629649,0.08406059115827735,0.08678065318547823,0.06479554182088329
0.10275806992735315,0.07432837333918799,0.08152520567277238,0.05147183465583983
0.09801466641090203,0.0721905425900486,0.08140841802056906,0.06417677754213502
0.11090694182288773,0.0794021256681874,0.09155649852860284,0.05972531608083346
0.10622498397362626,0.08727195279401058,0.08898052139648108,0.06550902512692018
0.10642908938229777,0.07945048762097437,0.08208277273324786,0.06293846474005885
0.11126880450248314,0.07992526688744532,0.09221353770975334,0.06428125300723624
0.12759925881294104,0.1002436342548323,0.10578991056625214,0.07706473512312119
0.11280648559891328,0.09211863068144137,0.09400095125047528,0.07660772787197075
0.11156014820009756,0.07657483873993727,0.08219833305580124,0.05273197498667473
0.12342808849964727,0.0877707463477235,0.09692875932240841,0.07326437191947341
0.1181344976586639,0.08646707258541919,0.09139480005476422,0.0702756942336837
0.11484133516254157,0.0835424222521595,0.08793945588663324,0.061470473811011256
0.11054419102668919,0.07958352302262603,0.091046553833349,0.06771477308247528
0.09932780321281692,0.07987829593843482,0.09153102790299975,0.0720027139780813
0.11360611036524607,0.09214250266097213,0.0923440200737832,0.06846570901788573
0.11347721756640677,0.08710072562390034,0.08990552625229073,0.07743394544833168
0.1118942284318108,0.08192350529505465,0.09041483802494935,0.06855244674600522
0.12085020320786946,0.08619696812151051,0.09155495163779526,0.06373876452061711
0.12013553309366089,0.09252913578266514,0.09755423833989868,0.06987458860136724
0.11206019369700379,0.08819542286147031,0.0927030290226349,0.06557360694964456
0.1233555188645194,0.09566255184130876,0.10167645454431848,0.07487674204513295
0.11451331978363734,0.08735885065159872,0.09453956118872993,0.07286680220976795
0.11362698781603933,0.09073663078097785,0.09393269921738526,0.07597652621778694
0.10677873744351807,0.08015953538198768,0.07935521418196048,0.06185542245163543
0.10790796417751439,0.09052973898459235,0.09047632854608464,0.07333157578764708
0.1223032901453172,0.09361880966602576,0.09751841585672272,0.07162978538182631
0.11357968844897977,0.08578721153489588,0.08727884209639923,0.06231462956616564
0.10847517558249507,0.0840898934788473,0.08560423359742245,0.06718689097607806
0.10811024800026856,0.08445339894516062,0.0911279696613156,0.0703501638927582
0.0925995584093732,0.07034986661938403,0.08076909485732922,0.05594037257462861
0.11149261434655623,0.08571570627030502,0.0882378728680516,0.061584374565510115
0.1226499799793119,0.10075080207774373,0.1073782585570772,0.08495114015620259
0.12311801365652109,0.09177787911922117,0.09645692503377148,0.06851259101541846
0.1092595687262603,0.08449049826391097,0.09069172995281868,0.06229744117226127
0.11813910411479307,0.0900398392235628,0.09130679305155331,0.07329778110423199
0.11261946176978285,0.08462013478397923,0.09780718218775335,0.07104619760220132
0.1239685816257771,0.09270797373945472,0.1016964488256602,0.06689147586265964
0.1223440023620872,0.0885841443212241,0.09684725566261954,0.06802324123827516
0.13009173607294564,0.1025938735804901,0.1099990696357871,0.08597612482375738
0.12399363233117908,0.09818940938448888,0.1049216128492058,0.07549975109388435
0.10843682790183715,0.08538025301389304,0.07996695617836541,0.060558234960713206
0.12321709028008182,0.09418353538375246,0.09671290624283968,0.06943169747912695
0.10700800579884029,0.0854539207971855,0.09165546884463532,0.07408797803157217
0.11234685223028543,0.0836573693629473,0.08640290924185506,0.06066630054358209
0.12535612582608244,0.0950440280603915,0.10007919820657316,0.07912413694025969
0.12508124272808385,0.09255897986881692,0.10292685958840042,0.07263536376246887
0.1008248812452803,0.08044938507944639,0.08142273926818677,0.06255282187262791
0.10824284424869429,0.08127335531000228,0.08991261208460632,0.06720430955380216
0.12475971640517952,0.10234204620656537,0.10634748565303301,0.08197590800312912
0.1133130875148994,0.08572385387235296,0.08780078500668184,0.065814617907152
0.11628898391855577,0.08883564065002587,0.09140607321998864,0.06822647904202449
0.12042949498278252,0.0865903983106241,0.09555877774198226,0.06173216405430716
0.11196186079276857,0.08988253532652665,0.09627092173551523,0.06968827033515677
0.11613860751183117,0.08616010617761384,0.0992410684264608,0.06899154387970019
0.12133721227489859,0.09767733967158115,0.10302060615564376,0.07369721248218317
0.12089670677278623,0.08617469887686388,0.09409056349915483,0.07018765710680905
0.1293991895549825,0.09462370648579953,0.10160501951027792,0.06904510132511185
0.0991948466271952,0.08234513439865256,0.086825493209493,0.0625968525582663
0.11542358814323357,0.09587706005573539,0.09920213188134322,0.07906735579698604
0.11061482476723092,0.08124733301165099,0.0901085708099709,0.06338197114567938
0.11179923260436556,0.08683085890813405,0.09449103143059204,0.06417838826959177
0.13122072601568027,0.10495204622699297,0.10866917394746514,0.08125521745622313
0.10732585303295758,0.07691265702295916,0.08834512106496759,0.06172245720232489
0.1049385513324099,0.08162055250546063,0.08415523418329535,0.0726666166534978
0.12849810682525237,0.1015190892564479,0.10552939789512537,0.07533652661766294
0.10616815433217955,0.08827285618263889,0.08771514684109263,0.06685616467744779
0.11126439276629055,0.09003002249553368,0.09404647353537743,0.0708693186303346
0.11320151306451644,0.08643357530723722,0.09041809922948904,0.07153802364053008
0.10022028484982994,0.0741836452992004,0.0854131072700412,0.0600815478895743
0.1155695935780798,0.08960678254965902,0.09481761650283808,0.0702404539193884
0.109974746048899,0.08195936407550808,0.08607238223604827,0.055437770038092825
0.13405174513933327,0.10108313517007711,0.1050046004724412,0.07234658891189794
0.12954896427694795,0.09910722087873505,0.10173246608453182,0.0752223119673088
0.11215641180658573,0.09243547240790394,0.09160047608704752,0.07192326781651336
0.11227452159776263,0.08442750091022072,0.09055713516741914,0.06611823813058326
0.11146793426482063,0.0871489143327794,0.09266873156139917,0.06945057960392867
0.11132029644723787,0.08559844106766731,0.08950251610821788,0.06613885955201541
0.11022257193968449,0.08591534949521024,0.0921746581060949,0.07290409094896108
0.10961147871390403,0.09188031383512259,0.08757357813896408,0.07327296735019952
0.12357956465685091,0.08973317387539731,0.09427143714590107,0.0703529586343484
0.10333434197589436,0.08383154082156098,0.0859735324077943,0.07041889322221817
0.12266517079396838,0.0950950406557825,0.09583466906456717,0.07684133746170316
0.11641275397375607,0.08871957664663924,0.09181818612338223,0.061400735491113495
0.10942652971677733,0.08332518600672525,0.08702848346307054,0.0654179741725342
0.10204133840570365,0.07914731921163855,0.0788788098474868,0.05817252952789538
0.11910264988680624,0.09340149199710022,0.09309172172871576,0.06988496483825667
0.10106127137396774,0.07687093851394805,0.0790657719448416,0.04890621821994959
0.11376945085494983,0.08115976273830634,0.090223466697321,0.0670182244985264
0.10184573958476964,0.07566409689470088,0.0788773214867553,0.06165325956515118
0.10887769487376722,0.0794149202838722,0.09403796684641146,0.06625561237169382
0.1039721552112374,0.08437950164550465,0.08931322882805398,0.06629410065305777
0.11330010872987366,0.08936274983946182,0.09421846052854191,0.0666047168369593
0.10306694116712395,0.08212154964652821,0.08408635440098625,0.06507382087820006
0.11064773052475992,0.08657236112071283,0.0867823006269832,0.07701315704332733
0.11453891760571139,0.08958426585388568,0.08769535149926327,0.06697421754967689
0.12727676464211776,0.09787875458935758,0.10470083905919188,0.08101448874261336
0.09148535080531178,0.06781003341305825,0.07953895848206613,0.055407486969027295
0.11362930561927194,0.08698125462220625,0.09476333882747127,0.07105523953389703
0.10943127260254465,0.08075280694885013,0.08640071226708948,0.059143044290491775
0.11003716828256142,0.09024202431490652,0.09454900395132791,0.07361613929806671
0.10334697313072738,0.08277840289872472,0.08582220404849521,0.06538415183106444
0.11241969007968505,0.09156187391410871,0.09757854710129152,0.0754355211988634
0.11014869932053778,0.09250715435306187,0.08885601417396728,0.0691548148993683
0.11892659337533984,0.09523446161865318,0.09975159118310853,0.07527478959064061
0.10993942969337292,0.0822330678994636,0.08563923018999822,0.06650726455689096
0.11675773911911791,0.09763847854718384,0.0975217984555149,0.07500370021410935
0.10751669862959895,0.08538352788952283,0.09420394554195147,0.0643256571879873
0.10072210650830239,0.07969747075667888,0.08073632336268417,0.058294894220633435
0.10614598186016112,0.08517690586682683,0.08428220669367602,0.061834325411180883
0.12526478251176743,0.09300663825750774,0.10154199595690462,0.06990051347054266
0.11936423982251695,0.09152326690901805,0.09939238048219466,0.07087140681989584
0.09858422643117781,0.08265128913032985,0.08575394406437944,0.06097015939181581
0.10242698660279075,0.07878013870884495,0.078246653098603,0.06134160048941534
0.12125338977657366,0.10029962407498191,0.09981594335775884,0.08463325403400992
0.10061649503473319,0.07053919938449885,0.07942409064760185,0.05693756421429173
0.11290553310182935,0.0869157693440194,0.09631865222271488,0.06985425080854232
0.11764364055832577,0.09561838091117317,0.10027890083125006,0.07947778571106942
0.11410150259940618,0.09165091687974304,0.0981723431739413,0.06989623654332427
0.11149310502587939,0.08461237025755114,0.09127798071831614,0.06314571083307924
0.11473227013402287,0.0921256090687396,0.09396680092173201,0.06991002235122348
0.10391261191942558,0.08234037201835975,0.08703707201551886,0.06674277138220999
0.11149472275297856,0.0823559834875769,0.08969000776853236,0.06136350546142075
0.12245323999862587,0.09759583081626927,0.09828826377466511,0.07388247729639774
0.11988681537139109,0.09519261806806448,0.1028840267112423,0.08157569202885262
0.11834770074135319,0.09450168646551042,0.10522080434627798,0.08148355222533668
0.10984128403499882,0.08691935942165273,0.0885763132214359,0.06486878061428063
0.11215341455044955,0.08674538590326439,0.08824255222411176,0.06692627332625295
0.11671018293263438,0.07978994436326707,0.09189838355183126,0.06050425034346539
0.09595994470362909,0.07647668444157589,0.07712659005126142,0.055905488023624876
0.1199997661620417,0.09473449817551151,0.09591305548586034,0.06802698710882227
0.12073985817317276,0.09460814164358339,0.09333591217345366,0.07096563624601288
0.10263324879483912,0.07805825031732234,0.08276884963816877,0.06479975621246731
0.11541691725479881,0.09133304623309271,0.09479787770874568,0.07105033573376483
0.10742964250903175,0.08877524107061796,0.09155372479979698,0.07718468127289115
0.11562985293099706,0.08271772311782502,0.0946790582901228,0.06412992442767886
0.11650048704210536,0.0923089231260723,0.0948302294081129,0.06743047921254239
0.11695488366255609,0.08522227227022278,0.10064679315774991,0.06894349852130452
0.11664900923419574,0.0940450676231471,0.09218712308550414,0.07402918816336573
0.11078181529695429,0.08655151206042008,0.09278822426281778,0.06369787526226076
0.11771468676112004,0.09605815828582354,0.09285706553396159,0.07427222391201428
0.11065096510140762,0.07828051340206713,0.08188123427150365,0.0672030539169301
0.09434695001731942,0.06676888274810372,0.07893456434470644,0.05044770853633747
0.10951310465964069,0.08144472281989473,0.09258296389325285,0.07188753779477686
0.12046984296793259,0.09261273676296145,0.09849767665144363,0.06734213960647106
0.10225741160821031,0.08141405477181946,0.08879151931945724,0.06694492183239659
0.09988871966979956,0.07923637466361733,0.08298735931794501,0.05532121578576469
0.1080519772026059,0.08355131500738829,0.08576214809089597,0.06020922953844115
0.1255488149426212,0.0987672171355474,0.1058825844456688,0.08257877411936906
0.10651371694612718,0.08375100628635203,0.09229667518835832,0.06753025960648076
0.10607360530592223,0.08081801724179873,0.07998680608646996,0.06019411600654108
0.13751038532331705,0.10444561678174635,0.10772465339275988,0.07899299659749154
0.12284142521810443,0.09049582719758725,0.10404141268913748,0.06868654405411882
0.11083398504448064,0.08456329021711215,0.08562971382844428,0.06862160932153027
0.11291960898014446,0.09104627019343088,0.09375081775164934,0.0728529560851636
0.10466435428067712,0.0841513848902438,0.08518105302333198,0.06413824666587628
0.1109459824119353,0.08468779118854071,0.0928739268483472,0.07166018144665331
0.11731913256467655,0.09601069446651309,0.09681745808677863,0.07688210317340158
0.12001806382054786,0.10190513477753943,0.098733338330836,0.08888238110567567
0.11845824309349998,0.09663531089849868,0.09751598309673232,0.07208720923767063
0.1081721098072985,0.08136156386162668,0.08678634640922657,0.06412244081738495
0.11230361531280654,0.0826699005809666,0.08727813845497621,0.06223191216469656
0.10944881816004447,0.07882312746969428,0.08531166553192158,0.06386539045514704
0.11081738678837152,0.08535198623809576,0.09452915098685505,0.06856687352314968
0.11614860165645682,0.10031862001796535,0.10242374483755311,0.07795613245717872
0.10420515251783719,0.07980966315112326,0.08879094489799144,0.06402613653576625
0.11857649091118094,0.08972223722597858,0.09722301993526805,0.06944562619344989
0.11903294913549764,0.09322947619904061,0.09963942324225036,0.074594562383922
0.12102265703468117,0.09461342508667764,0.09721813882768249,0.06704745116226805
0.11589637932328042,0.09039412686554818,0.09744592310170608,0.07110211451612962
0.09787736401521188,0.08247931875086453,0.08112782751685998,0.06418328797041996
0.10961429350117585,0.08534199708759269,0.0862072863764636,0.06706931000764893
0.1113591265526252,0.08396451804013505,0.08388344042351961,0.05959417231865702
0.1297908295954438,0.1012833909518834,0.10567595257489323,0.08224777358328692
0.13593644751271422,0.10452152447226797,0.11146393624420227,0.08459063815891743
0.11522048723870387,0.08782394656809875,0.0910164702531766,0.06556253343849107
0.12947040446614783,0.09206200114287558,0.1039483000820709,0.06879385997016248
0.11933338428330996,0.090748593055122,0.09594769314971638,0.07315017134876811
0.10892826240688103,0.08441681946693042,0.09100306065758665,0.0669523451971568
0.11397714580655666,0.08307979713775002,0.08676229934287333,0.05983712570476878
0.11181623461408295,0.08817029077230555,0.09400205641862544,0.07620073080023489
0.10980550537587977,0.08514222477054122,0.09233881964201052,0.06806566234031279
0.11349317537230547,0.0951410123719148,0.09547388284404898,0.07381080324522922
0.11574479917586178,0.09035620514948658,0.08528647720334231,0.07167654144135599
0.11118746410056982,0.08434365785036202,0.08779955921768429,0.06366619843596817
0.11502983282976759,0.09413345315197968,0.08974453051198446,0.06739693950093145
0.11705176346639773,0.09435459942020578,0.09939998075774348,0.07765615732351352
0.11064880504526986,0.0891922317071531,0.09400459004697326,0.06876900633695286
0.12398201688084245,0.09284408856888922,0.09806375201987663,0.07534047727440539
0.11469344784485361,0.08938464083122069,0.0935800577907056,0.06493658053654174
0.11067587615382292,0.0877467034336932,0.08651951556895046,0.06821430426839918
0.12696377749291654,0.1000452638337962,0.10664972191757903,0.07403647363479694
0.09438382268407203,0.07380404707309435,0.0802849844287101,0.05279636978707126
0.10165059161471272,0.07728540956768098,0.08185446928643836,0.05961003152521146
0.12861738027161057,0.1023526950084627,0.10221124740299933,0.08239355490646348
0.10507601183148907,0.08470644698320762,0.08204526583844499,0.06477277907525865
0.12005989287073535,0.09481818122088687,0.0974975053096966,0.07326548780248233
0.12716425581537774,0.0965385812710027,0.09933364823461201,0.07919008339357057
0.12435568290093829,0.08932431643554384,0.09941210328927769,0.06758825401981707
0.11398386986196252,0.09197050450705353,0.09697366697383535,0.06892046835985763
0.10621631346686182,0.07815892242744849,0.08354026854934699,0.0611531472931635
0.10653952351925364,0.08066705323790517,0.08470084046083515,0.059158209378352616
0.12214099798087469,0.09812233024114567,0.10860791801690668,0.07911197489435745
0.11888174119251066,0.0950090429855083,0.09306247559500944,0.07257471485294448
0.11105523342227258,0.0894784477495899,0.08691846351592405,0.06758604890467036
0.12621876757870804,0.10181238278869639,0.10558399192077506,0.0795102763158125
0.10532330847096422,0.07822263753364014,0.08447389700740758,0.06173146254860139
0.118455200865277,0.08815995484830161,0.08931552220356098,0.06662499290116648
0.12662567990013296,0.09342471465145541,0.09901199827416134,0.07660576952191242
0.12066253854805081,0.08822580591330838,0.09737117533977134,0.06762402793918196
0.1127936901727401,0.08049224574911558,0.08926624318940977,0.06342938107813632
0.11783184902082998,0.09030972301529253,0.10550986037985045,0.07307761278864629
0.1068788681967844,0.08284202515784672,0.09312468614553365,0.06736973270979103
0.11370875460736939,0.08768623831138456,0.08857180675353556,0.07046789987073782
0.12532988577261261,0.09986365900855543,0.09718098923327342,0.07579482729125
0.11814362005189305,0.0882665113017087,0.09365656413934649,0.06981944895572523
0.11422493689916358,0.08551797939208995,0.09115256539380359,0.06746328645123498
0.11903727546370801,0.08782322242659579,0.09994792094436186,0.07291595998014438
0.11601185524959384,0.09643282212455948,0.09575511391368974,0.07103346571412372
0.11870866789599346,0.08066724285224877,0.09422016431485403,0.06838713377649544
0.10302084608426104,0.0837086917190505,0.08516617633332926,0.06522579739078921
0.11668080949777049,0.09613929390353389,0.09802943107123047,0.07664134479955192
0.10801629651081099,0.07962701130650077,0.08401883622408134,0.06338738989555204
0.1242149247212575,0.0947430689926628,0.10021044093140778,0.07594100221173247
0.11326041408760693,0.09394144436126968,0.0950104760112872,0.07857390408509406
0.11306849784260206,0.08923959028028312,0.09946696025959395,0.06718857532097926
0.09723358522394912,0.07682546781765404,0.07491620751511945,0.052645866830552564
0.10326040389480828,0.0765673090756592,0.08495366760387901,0.06228873590160071
0.11746410604992924,0.08236465435806457,0.09438325968590155,0.059237009978741886
0.10748510144526804,0.08245089781204264,0.08172944663749536,0.06075871351777555
0.13307255872242357,0.10462952251340046,0.10697497411322282,0.07953211890037336
0.0981926683409468,0.07702274944481285,0.0805571599906688,0.06393422942171646
0.10831868439539762,0.09040471472787594,0.09262514094046267,0.07667747216942526
0.11447302831743332,0.09636711128087663,0.0993643200927467,0.07804933086649982
0.11475094260634289,0.08689739727306114,0.09204539934672118,0.06794346494022999
0.10266220305270987,0.08031063374415015,0.07942349055902982,0.058430806384922825
0.11400788488642369,0.0881352020055606,0.08880973965721811,0.07141368260417869
0.13082032354099554,0.1018858340000558,0.11073787804697198,0.08382728731519606
0.1288226908870481,0.09722153898333498,0.10155240389493748,0.07460316518930431
0.12929170931110925,0.09976874895360552,0.1019789112992847,0.07556957277394442
0.12624867274081414,0.09529117656241926,0.09748602450317814,0.06725851502100573
0.11463799304533012,0.08808861837169682,0.09073090017215292,0.0690629831745306
0.10809579990623783,0.08235919194384685,0.08913885707315197,0.06790062598468966
0.09830392971950042,0.07955909152287362,0.07914878988859156,0.06306363727113964
0.11207979404110148,0.0900505074899976,0.09806089766559586,0.06775708546962211
0.10967326784435147,0.08281982201061552,0.09039878115261618,0.06838118992397016
0.11033154591824287,0.08179784460719942,0.08975528860240448,0.06792151737641242
0.0991503300679425,0.07683457285100256,0.0782866507726757,0.05945685453340794
0.10095212278378451,0.08070280190162075,0.08711953426989437,0.06097866740271061
0.11191281711424479,0.08819082607479979,0.08970916227887776,0.07211273495055345
0.1123324297762949,0.09136109760409859,0.09658924608862336,0.07268611236512693
0.11165333232972557,0.08632840638928649,0.09407744737291163,0.06623902885711691
0.11304673800260466,0.08916788285936049,0.08443237166557904,0.06841317910473818
0.08918546143083932,0.07061243543995684,0.0780629028320238,0.05793372280994944
0.10461003189745723,0.0813978786205883,0.08574805013025949,0.06796338494918516
0.1197305164875974,0.09504957279130392,0.09878642175703792,0.0767960541212675
0.11405222334833304,0.08873544442428291,0.09561911389903519,0.07211627418934224
0.10501273323424898,0.08594261140037066,0.08735018119177454,0.06587318529656443
0.12134991954429496,0.08850544185432847,0.0990914541879482,0.06760575011518562
0.11323756395261264,0.08760227147550835,0.08867834476847691,0.06591557300343422
0.1096855029612071,0.08546037198558841,0.09024219340947273,0.06285514931188019
0.12035280666090614,0.09447685053188942,0.09591684317348165,0.0738155188376794
0.09710511720242158,0.08056785622414336,0.08032318507433546,0.06482177177768551
0.11793616698053247,0.09680044262716297,0.09930966879651809,0.07575229064249057
0.11715888174272233,0.09805053280348344,0.09756187145758179,0.07465314549144289
0.13038354589034556,0.10079780618858253,0.10925854277539129,0.07615451549917807
0.11154919334485192,0.08636432419504292,0.08001014987493778,0.061550076784745326
0.12312685884099343,0.09491101777189469,0.09772745256255044,0.06944629174003533
0.1187434741273448,0.08925793609340338,0.09601482739411354,0.06626217529082853
0.09389786860593013,0.07394329365977553,0.08037357310850568,0.06278705982901589
0.1152221142657835,0.08812779951264939,0.09573792888940641,0.06743683542835915
0.12008409855990497,0.0886527103011153,0.10030436707355722,0.07508738606669717
0.1344481745133986,0.10043556727477218,0.11089975263202742,0.0796181714920937
0.10789689964922221,0.08740578302415626,0.08693496900726916,0.06899080366693278
0.10825713148582769,0.08615412858172461,0.0898290433670261,0.06796595929056161
0.10901473101080655,0.08257884596317164,0.09126499022164006,0.06527504334236157
0.11997532247768093,0.09485281516624137,0.09507863949063687,0.07073579778639794
0.12334513773981642,0.0907100296696377,0.09356370864796054,0.07053943196737539
0.1125980148088872,0.08915973878996838,0.09685224331871392,0.07727496137619502
0.1144760039519003,0.09165553445518514,0.09306878691203468,0.07413728363015115
0.11823472762077014,0.09376963713087895,0.10087291907227636,0.08070130125907887
0.11411793751179458,0.08669930592135859,0.08758250421421736,0.06414299507642786
0.11328419615327887,0.09344753221678982,0.09376940485607921,0.07406560002199646
0.1267350168203864,0.09408627735717257,0.1031908592686144,0.07444009116269429
0.11178476859681602,0.08481471835216081,0.0813843993731729,0.05920030174365847
0.11835831392326959,0.08562726978376038,0.10013628572454879,0.07208799404840893
0.09701068005928759,0.07598505885921508,0.08177734574211618,0.06858033296201281
0.13483220363857895,0.10459252470409103,0.10986118114326075,0.08745033852528641
0.1137880673000122,0.08829883503055297,0.08992250548823393,0.06688460359624498
0.10667876553127975,0.08225054728742054,0.09050837612142762,0.06573222983589247
0.12019019351869309,0.0841170947723468,0.09144067296981229,0.06320421252013114
0.12232231892735237,0.09547936899290731,0.09898564080058118,0.07140349590332853
0.11121273856124171,0.08636168603363853,0.09310603072222777,0.06499897444670877
0.11235579832744644,0.08867790455904577,0.09568585396772672,0.06589518716969525
0.12780303673234636,0.10117612904703469,0.1081693991214836,0.08116040332602968
0.11405904965168631,0.08519059923519245,0.09291996139227032,0.07654457075921542
0.11286836519803145,0.08758680931044185,0.09505031229698387,0.06416682745173785
0.11546960337643891,0.08641115949327133,0.0935792748772381,0.06787696535279228
0.11438845107069347,0.09213042555094615,0.09198981154898825,0.06553731308754203
0.09673646687047852,0.06965743124524822,0.07683015995845108,0.052649981330613126
0.11905757524115619,0.09293818821290213,0.09262593104304363,0.07022080295030897
0.09944334516636728,0.08204667403517954,0.08411972512501453,0.06173312280649703
0.11162372203298543,0.0831447917226723,0.0881858299052343,0.06240979990858383
0.1139140504030169,0.090430147326222,0.10022455952923062,0.07586897867499277
0.1208514234744796,0.09054250531693431,0.10055100360826906,0.06959109556670424
0.10435349718632386,0.07899568081928185,0.07968776813363941,0.05365973814085843
0.11560781655363085,0.08775093030883528,0.09252471874646838,0.06634809202016846
0.12618534641045928,0.0954314381747583,0.10407907763028085,0.07296896928470074
0.11552030821938511,0.08767642830015793,0.0839561772837055,0.06675874166143278
0.11485412346253197,0.09561136381136104,0.09532437303551672,0.07168967176692356
0.10317119988873122,0.07800799024159494,0.08130657670490919,0.053086798755893796
0.11849610662747792,0.09476196563744124,0.09445657403746358,0.06901193587965292
0.11650956181675022,0.09098883480830988,0.09393126505832414,0.06602224386665492
0.1179740345436058,0.09089102409265205,0.1002334333008856,0.069326803597713
0.1025357765582408,0.08169628478047611,0.08002416132330126,0.0608594009836211
0.10682854226597255,0.08646765956932895,0.0934084383188612,0.07017882256475724
0.10949186213517306,0.0891186531177437,0.09712022159442324,0.07243918905717377
0.09568076082965354,0.08067107229772216,0.0792081724073315,0.0698279830159372
0.09939615952994908,0.08146266024649149,0.07543867300274212,0.060678920833182895
0.11141080545232232,0.08367697584029027,0.09022517608890454,0.05917014545761484
0.12102632434221217,0.09728465474323236,0.10025055413497438,0.07257779538661949
0.11515727653970875,0.09115410327811485,0.09517866711088835,0.06985119715354583
0.10836184113772103,0.08138339373760525,0.08623691110824813,0.06728377902714221
0.10881429782794055,0.08706560777084597,0.09021062659542117,0.06838868628880537
0.09696401875825958,0.07302613290109031,0.07463972525145268,0.05330984742300806
0.12716503808236276,0.09382912859377635,0.10677997703480943,0.07613084924241145
0.1111914232720638,0.08522952077970508,0.08146621472592125,0.06562337534160467
0.10870867082842202,0.08583883495312232,0.08928501400151453,0.06379379321481955
0.10203082306023198,0.07915211980611621,0.0848444000017711,0.0583374094050026
0.12095678694937553,0.09643564476211343,0.10012753433816049,0.07706624594858186
0.12236170811153585,0.09460541963118216,0.09178728486851942,0.0728004618140831
0.11229465099915281,0.08751465221523495,0.08996248079016642,0.0618482243962104
0.11250075348289726,0.08788818508703425,0.092866502100418,0.06980209984066124
0.09096358601767666,0.07080747448033721,0.07255318162673495,0.05239222590200626
0.13610754157571692,0.10733241851464048,0.1121644758254835,0.08618504510011951
0.11225868114857723,0.08379713203017605,0.09087537663367012,0.0705640484793067
0.12124177526037208,0.09743523685833161,0.10154533694477264,0.07337598869152404
0.11551838442116302,0.09305869220711141,0.09741711754871235,0.07579400198180382
0.11696931611316666,0.09389607626616094,0.09635392594339293,0.06814013173626142
0.11397679692410079,0.09424010315971851,0.09161737967441085,0.06763451286199562
0.10817945825615877,0.09088046193172641,0.09411157173296768,0.07586418982954285
0.11520604512658361,0.08005980408238157,0.08314265201691876,0.0575333563689168
0.10913014009149008,0.0839992355281187,0.084217422968419,0.06857229346884632
0.11411341572618144,0.09195201077391627,0.09331460116886023,0.06963641876500572
0.12268732543663113,0.09687758018304353,0.103491405941621,0.07336015096558632
0.1272977431584798,0.10060820371523055,0.10445101304469193,0.07196562459552192
0.12193652311846573,0.09689807221880822,0.10352137850622675,0.07847196237322365
0.11297596697484798,0.08769169605468408,0.0936490019959936,0.06909401922621136
0.11390142491104666,0.08252337848426144,0.09445463986786856,0.06689890343747999
0.11767132086455884,0.09625202853323364,0.09965806183339812,0.07508423015026297
0.09893720121163196,0.0823493997727902,0.08780848790322697,0.06120648179049515
0.12167541718663541,0.09520727333723619,0.09859565364648265,0.07519650092082927
0.1150150458521405,0.08968038238377898,0.09048272560995753,0.0668438877428793
0.11384106209778458,0.08658649522198275,0.0956633765743892,0.07054619750277127
0.10745037101759462,0.0819590864929781,0.08101672913491956,0.05819134389137908
0.10738154202737385,0.08189935842834954,0.09064114506566917,0.06643867299122223
0.12005134263339778,0.10013604009199613,0.09839119460638661,0.07867125512499784
0.11673405162723594,0.08937052338453419,0.09213880335884192,0.07054498809334778
0.11924153581375556,0.09591133517897218,0.10116630834608521,0.07935359698606326
0.12395831739399046,0.09995305091574339,0.10552546184697682,0.08139145478479902
0.12043506621855393,0.08668345682158952,0.09006116729040932,0.06799427337746165
0.10339310239236485,0.08011736232881544,0.09035644025856454,0.06390970831959596
0.1236145159890416,0.0953942561280608,0.09868053426925724,0.07782547965453089
0.11959710353020092,0.09405908743359007,0.09721171409254163,0.07393335340959155
0.11745795918557117,0.09322689237836458,0.09847449880266707,0.0712471303575754
0.10756006716220412,0.0865819452552167,0.09086464992716903,0.07340183113778537
0.09482629991403793,0.07129159916382233,0.06688744885375343,0.04833069970718094
0.10213440565150977,0.07738232057155528,0.08211385491518977,0.05726153510263621
0.11691550333301665,0.09786851047318737,0.10035878599920617,0.07849140404456152
0.1346784236290878,0.10766349866756385,0.1131703088587818,0.0826979398329187
0.12337770589477484,0.09024561170548807,0.09939422107942045,0.06677170000433129
0.1280299753722732,0.09036372629352526,0.10121999763232775,0.06551825693179825
0.11825446857299785,0.09339492888528036,0.09340804061788335,0.06711629709098674
0.11679390892729172,0.08436417540015505,0.08821572730172009,0.06356407469043973
0.11355846899046541,0.08725374196899677,0.0970367473775196,0.07325556966867551
0.0968207697944654,0.07215164713893506,0.07258155564410845,0.05128405068943381
0.10745366290337055,0.08564886486399519,0.08520586905510141,0.06234066096027515
0.11857201688710853,0.09804049975614557,0.09896610335844783,0.07634825344667304
0.10535136347013743,0.07938546393776846,0.0824021947311927,0.07071089073933336
0.12441039019881206,0.092040124540016,0.0962452688534354,0.07211285587094465
0.10181830527200528,0.0754393038895983,0.07929512714132389,0.05488539817270895
0.1292330202049609,0.09509986032364744,0.09593990646093459,0.07167470172237483
0.11244129945810666,0.08477554898110143,0.09587844998885084,0.06413656707298902
0.11438845515066184,0.09110387963142913,0.09346579612651303,0.0731990125974541
0.10177004579235605,0.08362086391971978,0.08816210326376878,0.07014435234436393
0.12017186564140181,0.09013946280127456,0.10230615650084918,0.07864933793034731
0.13090216309261699,0.1043991685631296,0.11174442714714951,0.08666465827456461
0.12662652689463472,0.10049642509477807,0.09923905009316228,0.0766214108719486
0.1255979402377573,0.09494132127500947,0.10564010257974416,0.07364038575555075
0.11068889923553574,0.0889010984143141,0.08629867766654555,0.06692719325534865
0.11614062564643277,0.10162243801658735,0.10070516757415929,0.06974575648425946
0.12288609728587768,0.09425114020483313,0.09326103997117528,0.07189233487246588
0.10834386836424767,0.07773920563534766,0.08360922522708965,0.05410842832733822
0.11876774936733954,0.09248355228959185,0.10696682959959167,0.07818754103179443
0.10674841098677182,0.08363341809736126,0.08670029904614879,0.06426753981460016
0.13137819945661505,0.1045530499976281,0.11387120457608443,0.08370730266700832
0.11520032638403446,0.08687992781009429,0.09448905537272859,0.07025830848684496
0.1110710767936505,0.0848928323562115,0.08900483927316447,0.07258059533439103
0.11329022924201912,0.08654463495051141,0.08711959330326108,0.06696578741376283
0.11877646381369028,0.09709437213066414,0.09774306211581582,0.07476258522320162
0.12967848630989673,0.10629040908792778,0.11473004745828436,0.08885873246285748
0.09649963163014216,0.07413393395149208,0.07479846315024621,0.05477894520412414
0.11616784804276042,0.09244247862501069,0.09555467480928445,0.07496209706555579
0.13395352070757444,0.1023065447084191,0.10792300567574037,0.07798966486117756
0.11496766315668505,0.08955509196685402,0.09313513173732212,0.07299381526443564
0.12018642707446814,0.09203512394105005,0.09656322909868509,0.07060806543322112
0.09167714575756546,0.07407802003356265,0.07779366440076574,0.05695471583842733
0.12035434506918166,0.09661433889227983,0.10288833884602147,0.07617809979153324
0.11866784841132214,0.09185655460156257,0.1007589912684437,0.07262979036917787
0.12964631632189935,0.1057779589881388,0.106323668258941,0.07990128425051247
0.10349967942869255,0.08624388597290752,0.08431360201300032,0.06456604405720656
0.11873874883093248,0.08617748173798159,0.09278752317222766,0.06458756504272636
0.11867462841676932,0.09045428294261351,0.09660211702755919,0.0715928489664737
0.11258524399572105,0.08662508800099217,0.0936413202148588,0.07248474443802669
0.11391542681088634,0.0990829498927647,0.09832910351041799,0.07602676472162508
0.12840750161543824,0.09880388657394162,0.10219828219352056,0.07233338031675458
0.11875146353886834,0.09180209450211646,0.1051078839059681,0.07499148169568437
0.12068533227836428,0.09207123937723001,0.09459027234120163,0.07342218721650973
0.11914201289483131,0.09251887150246577,0.09286055723465045,0.07313392960495493
0.12501964951497607,0.09514129707096475,0.10313269604844114,0.07193485825357854
0.12420869664231149,0.09674713279830713,0.09783342642876529,0.07683685982611575
0.12875188424873146,0.1003322113570424,0.10293781367506194,0.0746892822511697
0.12660168202961364,0.10007025143845238,0.10159582995466893,0.07391835321064667
0.12297057577543066,0.0958307909081568,0.09780516383422243,0.07893079224091173
0.11507567443364838,0.08347714122585016,0.09414699539011834,0.06806973552633669
0.11903579359262154,0.08665390943382668,0.09922327486200472,0.07509332946137959
0.12245016774406291,0.10109128644339718,0.10205734645783761,0.0822280139452906
0.1072676287374332,0.08582510852845124,0.089697621017269,0.06631520801829902
0.11607090596179451,0.09285420856085586,0.09779538649978506,0.0705940136100785
0.14141530530915108,0.11502021678470419,0.11678450382430064,0.08855323634111797
0.09946237436686099,0.08520040518133701,0.08404433238887496,0.06965549676517403
0.10926484726138387,0.08391580287288669,0.0888750337296186,0.06699856700142344
0.1109278765988742,0.08344378391563159,0.09056792994454721,0.0695986415719676
0.12201944250246279,0.09806311806851106,0.09735413932261772,0.07070928441678101
0.11341570079011493,0.08757774209530504,0.09674708482088087,0.06298324512284847
0.1043889527783215,0.07758464958530899,0.0874044421201075,0.06989149701582038
0.12872336476712964,0.10256493928355695,0.1072795198948441,0.08133901029342128
0.11021558700408518,0.08230665549081621,0.08859295389786159,0.06720745155455493
0.12179340982053527,0.09480258066968517,0.1075153685534137,0.08050949391666695
0.11789226209209744,0.0904635793352881,0.09015148708507514,0.06806699783995009
0.0997293242712115,0.0788886396920164,0.08570369898796065,0.06698771881772612
0.10105193635260351,0.07689618717464292,0.07753283835585259,0.059868533819527656
0.12687040259736276,0.09673698109482062,0.10683846031477723,0.07821885804460552
0.12517925178862718,0.1033430932120048,0.10837695626847058,0.0783209266843479
0.11918681676864112,0.0965376477649625,0.09998739744958075,0.07302801326024126
0.11299192259457676,0.0844902486085545,0.09797805398584672,0.07040480716793246
0.11941905034046005,0.0895730373705931,0.09433131086557264,0.0673163594605331
0.12621767714734972,0.09532654450652152,0.09876641337805493,0.07429138518374193
0.12632935629113784,0.09352015889651794,0.09597420595570147,0.07155740272071404
0.11722011971298568,0.09388832020640148,0.09654753503358611,0.06736053704090551
0.11350337447957273,0.08510114459359243,0.0917474056674797,0.06747017295021839
0.12934267952195272,0.10604572537537547,0.10860027457252283,0.07867510817926418
0.1164158348552253,0.09478579031184085,0.10577301430156694,0.07414549072678733
0.1122945711338468,0.08724460886939477,0.09202545172934103,0.06828792649930607
0.12083230729608947,0.10032662768349637,0.10478757968451018,0.07756631044137602
0.10834776824708488,0.08707178788796788,0.08894843159225078,0.06425899236006445
0.11544567075280013,0.08946624762788123,0.09160084126019816,0.06627566228817143
0.11543278834680817,0.08705906226283375,0.09333688892727045,0.07280019704665086
0.11188267500963142,0.0873029092555268,0.09618065786143357,0.07372776397356597
0.10539587634264594,0.07866848511606298,0.07515525420165524,0.06611599656108896
0.11248705283819688,0.09065226411819025,0.09438994406215233,0.07044837536566065
0.11497270325534312,0.08206789947145975,0.09116981444442658,0.0682227961906883
0.11184087587527457,0.08397309562083119,0.0920036606898641,0.066944806727802
0.11562361624052547,0.09319031590270413,0.09510396353161428,0.07031488488586375
0.11348556092391868,0.08361749318067599,0.09090330554841665,0.06668119455941188
0.11580039111765134,0.09307427913978203,0.09574619591450625,0.07420481937859362
0.12424558160541097,0.09945605518746674,0.09751472234222403,0.07140405180183296
0.10387953265680663,0.07842217287301317,0.08287368780384662,0.06586147777831705
0.11556380216610515,0.09163622953064626,0.09609391797865235,0.07164195547603708
0.11397968698284752,0.09441226863701102,0.09527019133245437,0.07233410078079333
0.11988975483101894,0.08909491404978666,0.09822887751003206,0.06666706733125927
0.11831261154555531,0.08594389573634553,0.09177039581862528,0.064234201177375
0.10722888515172767,0.07971937455337612,0.08231197202303663,0.0578149289733382
0.11770271234421953,0.09189094321589207,0.0984955967401656,0.07202752936510046
0.120875810007924,0.09018418464580615,0.09265952761442427,0.06745832491917315
0.11198796154382626,0.08511275965214395,0.09085171740657058,0.06974058306048106
0.11441933563392964,0.087937840722847,0.09338892439402781,0.06876144810826562
0.1202446423338171,0.0928817864756708,0.0969850368122448,0.06961981511870168
0.12403401484077478,0.10199428087574726,0.10108329701249,0.07424084360665059
0.10433294891692227,0.0755961175225619,0.08584260886575876,0.06205150479057315
0.12551648220317815,0.10147335426277371,0.10031688894782557,0.07479051780354395
0.11895526978674004,0.08997899132642609,0.09276057801229998,0.06564143828742855
0.10464562431507102,0.07881311995905954,0.08460584657318211,0.06505837467425471
0.11556242179975662,0.08946332251844155,0.09470903082786511,0.06390298176274091
0.11386846650446497,0.08842248395602986,0.09597197318936199,0.07133814880193091
0.11758436599996291,0.08708325417534901,0.09668343213101516,0.07013631841584664
0.11908540489498573,0.09605245577947132,0.1059332419949166,0.08346137991588662
0.11341318984937436,0.08878356085317823,0.08858156382140628,0.07339975930738132
0.107375142583576,0.08905422775149374,0.09132829025134206,0.07452592263747443
0.11383368918750507,0.08633184513526224,0.08560168703492335,0.07220879749388229
0.11731898741516134,0.09278888079312941,0.09463264145203137,0.07020117617891346
0.12102946646473733,0.09702197264792961,0.10570417878582748,0.0769267403779702
0.11090825189562821,0.08730892262021403,0.08822331382681378,0.07057149813764711
0.11126424439039673,0.0883820537327251,0.09302755852010622,0.06623721347266025
0.11342664605287661,0.08789077342193062,0.09312185781289635,0.06737782548247043
0.10820790952388962,0.08474840258475896,0.09090588165851474,0.06457609793994833
0.11828755631134245,0.08538609268722294,0.08967005449083516,0.06675017073655365
0.11957513445922731,0.09144947791640168,0.09231990583426287,0.0771936272799972
0.12281314729799969,0.09484725016074995,0.09470900339892362,0.0737678968701934
0.11706162418722002,0.08859367491341937,0.09218472913750866,0.0677195596821056
0.10760564354924654,0.087894160539621,0.09144498721268916,0.07387161078046704
0.11755369991797465,0.091469178921274,0.09912934207185807,0.07705908125620901
0.11525816943324174,0.0904140397202862,0.09259422217291223,0.07221660275292227
0.1068798144311884,0.08008223449374655,0.08659877700180972,0.06065297605716866
0.10381088467317699,0.0814617554661712,0.08156352480786672,0.06666967237161828
0.10038552189972591,0.07692742113217232,0.0706446770751015,0.05189531518653389
0.09637453142410694,0.08028014124660313,0.07944412072559612,0.06784713828941605
0.11407245975389016,0.0860635041435428,0.08988095897109631,0.07253912803368583
0.12683566354888506,0.09460146726989703,0.10121883261785536,0.07708943909403682
0.11747552472548724,0.09045504980802371,0.09297862069017407,0.07547836671694186
0.11437099405653933,0.08053536615275664,0.08781032871724394,0.05763507793152698
0.113360838187819,0.08414454073877277,0.09475979023077002,0.07387460514356389
0.10611556950148843,0.08008830963589579,0.08171103015348628,0.05902389493408369
0.12197618247013373,0.09300026016127805,0.10198294718496748,0.0785545837243446
0.11933043908181956,0.09073722116126068,0.09940650285007457,0.0696065652967325
0.1067760772978304,0.07412655334774496,0.07706637625765407,0.05136119920351398
0.13444401715279491,0.10399486375041431,0.11586366017229244,0.08742195865933314
0.11287079666323631,0.0867796433309442,0.08857215463841106,0.07001959543108906
0.11126907367102706,0.08532623521634936,0.09213857686234106,0.06611674514396657
0.12468089620124635,0.09822774579001126,0.10293998542883817,0.07754030421704924
0.11597350013260818,0.09104234124507196,0.09251233441281623,0.07375515037909705
0.10661062950353911,0.08219482084719418,0.08288679124443261,0.06582873226638344
0.10924525448318137,0.09020197224377698,0.08973357800561499,0.06855544413226046
0.1184632497427929,0.09284806045155256,0.09801254734959355,0.06965454786554987
0.125295846737566,0.09931047107277746,0.10787618219826273,0.08427212945645335
0.10837206981129732,0.08728963556971725,0.09082637277433459,0.07444543125792796
0.12704546203850073,0.10113356446301863,0.10400288847094524,0.08144105081430496
0.11626142299034822,0.08933016695301522,0.0888784702923123,0.06442444376194036
0.08480511406514521,0.06972923449929738,0.06463483421698071,0.057066276559555276
0.1269408466396967,0.09695236668522872,0.10660787606751748,0.08147375380277987
0.10409787826320327,0.08126279642060766,0.08786423236586033,0.06640762115975365
0.12171826167616934,0.0911087706994233,0.1011322699967933,0.07565988859395614
0.13185840683284641,0.10238595619816312,0.10678700130827101,0.07767324166088369
0.13096364507063107,0.10264576094873543,0.11058858124845812,0.07718540789870033
0.10471204126590616,0.081409722631801,0.07901596507940732,0.05973951896583878
0.11521163099886353,0.09072751724920944,0.09412704798610168,0.07261485983776857
0.11503525740368495,0.08454581191378213,0.09423871668918407,0.07125459059327101
0.10861472701981939,0.08339820232732252,0.0829759219796987,0.06118794273600756
0.12110926490747546,0.09204307325499421,0.09588343334674859,0.07429683772070647
0.11218490163018463,0.09029613440374233,0.08514713497293597,0.06665073066511373
0.12476943754539552,0.09576316334663831,0.10270179906762095,0.07782174427121293
0.126038924807985,0.09232987319706136,0.10117532181852398,0.07567038457393574
0.11440355640210012,0.09469763544090709,0.09294427641202439,0.06436250035449058
0.10794679100935822,0.08672435542721137,0.08825447951464954,0.06761139404118606
0.11458205393165301,0.08771139924298013,0.09874674580181361,0.06888729185417752
0.11447499365411862,0.08802280328362425,0.09140529818747421,0.07040197538974219
0.09743874643526303,0.07819603417403005,0.0850070963841793,0.061206318538732506
0.09595163305206111,0.07588957611993843,0.07787409544712401,0.05880917800274116
0.11522082023796759,0.08920070679490001,0.08816862565998897,0.0664484274049332
0.10833990876441199,0.08882778574428271,0.09138377882658456,0.06742193855447501
0.11766006551369591,0.09493294269581612,0.1051566560846286,0.07616750521976809
0.10685606112859322,0.0823819647590017,0.08281073168290062,0.05632795600698692
0.125191282922707,0.09581625295955554,0.10128567532160118,0.07392481819874447
0.12565675951627203,0.09565746321018265,0.1003155910336592,0.07682504782093036
0.11721716345252885,0.0930061238512638,0.09644588091280776,0.06793591113715881
0.1282188941436992,0.10139681195679705,0.1101169726283846,0.08442580715985197
0.10681071640506784,0.08393479165000782,0.09450790893575796,0.07270057231469534
0.1168590260980094,0.09331640794141716,0.09825229749429065,0.0751397708089558
0.12582698695655065,0.09507070600524736,0.10290091616944433,0.07708399264969146
0.11308062639738743,0.08587127545959136,0.08938294668258676,0.06752334322637456
0.10743108126138826,0.08358268365775377,0.08879639730911995,0.06497620248899344
0.12019575004401803,0.09413510396281101,0.09882954005801782,0.07492442820382178
0.13318387421604133,0.10788121524610697,0.11196467812167826,0.08562195724367248
0.11586023077199384,0.08892769527593751,0.09158711801018085,0.07130935282281012
0.11625796006011413,0.0948663542153407,0.09211466203045343,0.0730696890127298
0.11377254156765967,0.08044611300667007,0.08377583149671276,0.06075557532252085
0.11144110381657638,0.08602376559639432,0.09485015089497417,0.0678528051252137
0.1262755332546701,0.09241472108653317,0.10196989754274163,0.06792518935128922
0.12023028779829684,0.096354107617972,0.09861897167280899,0.08131074447661456
0.10786969440827276,0.083601529032668,0.09231238742311436,0.07065490728688698
0.12438390938048968,0.09251383420867154,0.0981831780330435,0.07284569948945498
0.10913264600089032,0.08570389667680142,0.0891182807526621,0.06792035410989444
0.11708470466465783,0.08747295128982518,0.08896502219081259,0.06505357784127212
0.10145939918939423,0.08281320843855344,0.08071232827154684,0.06510602795705432
0.1064064768651636,0.08463625134268207,0.08866562163879264,0.06731978294109445
0.10274029712547,0.07777766014831702,0.08498594548316327,0.06480826041251797
0.10694329205128186,0.08059056013965829,0.08896345750070067,0.06561752696657595
0.1141471286486811,0.09117885364444017,0.09868721704958072,0.07728588917309612
0.1243395296844185,0.0943937606109051,0.09898293490088725,0.07086819830476644
0.10340880543761746,0.08498990643492946,0.08983321588573076,0.06844197473964177
0.12399022303956743,0.09742160197744396,0.10134818676359175,0.07212204524388637
0.10589130517271117,0.08288224790129546,0.0835930763734982,0.06320636408021076
0.1240589513025882,0.09931994016472115,0.10117024733228219,0.07330723702654886
0.10977241727650298,0.08771935126854284,0.09268403375802212,0.07264622219300618
0.10364547759485052,0.08450215424548563,0.07858654630888977,0.06107233694629906
0.12056286591226864,0.09299811099270985,0.09745048662718679,0.07245282828077709
0.10723004563046289,0.07906601541913828,0.08641967642435497,0.05888840345731013
0.11724492491204222,0.09211890566316502,0.09874263948531295,0.07806429505985804
0.1094537802746782,0.07783605099816929,0.08462406269991493,0.057538482733202084
0.12157190647612098,0.0934781359830612,0.09995885663566058,0.08038774256919295
0.1281393204544383,0.09906759191097127,0.10405522856800387,0.07863547917392036
0.11311642292117083,0.08897289625285831,0.08979722689657357,0.06143543072175839
0.11874096752148804,0.08892036436220307,0.10644897822698635,0.07541536875801466
0.09406335228459045,0.0742570872112181,0.0690197044982376,0.05149295972164372
0.10954407978725172,0.07787471493951276,0.08018370998408811,0.05875853874073957
0.11476009822742789,0.0892459841404302,0.0954403375037319,0.07422133767104971
0.11070611171261152,0.08673625514155525,0.08916502136517873,0.06537685954902783
0.12407527600707136,0.09438087143488721,0.09792061662811737,0.07473846792330402
0.10606738452552017,0.08094509634278446,0.09337159226237675,0.06683004463764955
0.1071235882971629,0.08169726747757468,0.08452607745671609,0.06181104099241218
0.10424239028114068,0.08609300791285236,0.08809411937190066,0.06499765472394056
0.12426656992615115,0.09689311151821202,0.09852659197512839,0.07109116818533058
0.10948633583343595,0.08246531119955458,0.0867395841051632,0.068701547010247
0.12497188954304403,0.09785559266215568,0.10212155212827004,0.07579701639470272
0.12421980256884597,0.09948945571466637,0.10257791404078098,0.07784465491809649
0.12674283560524208,0.09761494094710987,0.10019051806465452,0.0789043383921956
0.10513564575459253,0.07823032665696333,0.08034178741611359,0.05506131125425493
0.11165964644239262,0.0888111324311896,0.0965016628271626,0.07228996112696226
0.11856901869702366,0.09231890109405881,0.09837109497004462,0.07239508137017547
0.10702375752831111,0.08433664603960479,0.0882131209085903,0.07267970999519491
0.11623603572831134,0.08605645235926224,0.09434913441793649,0.07018859774024898
0.11338433540355475,0.08915020771458934,0.08671769432197743,0.06401533210758317
0.11885774058227042,0.09019386752289749,0.08953607194611127,0.07207733102025823
0.11908639269972313,0.09694969629501683,0.0984922026556187,0.07328288394820852
0.12033950740490328,0.09167731852161276,0.09861901285546817,0.06918245802291444
0.09539343975622108,0.07834798943502863,0.08217492096434136,0.06168576884468098
0.10897465322545566,0.07466346947932195,0.0801681787722135,0.054210559552189785
0.11225091460836284,0.08687493722774961,0.09375068307914804,0.07164961118671637
0.11784017885333817,0.09409076599273258,0.09989967416728156,0.07360458485294301
0.10769030697714971,0.0772575656661427,0.08503485693408963,0.06340157801034907
0.1025874880054593,0.08343627236002811,0.09099846715439099,0.05875931521821028
0.12829161437222153,0.09584755615830495,0.10565998730109372,0.07237458416952217
0.11245557728053882,0.0886873526065355,0.08782369538058361,0.062057191552924475
0.10083891023225941,0.07888332813460566,0.08176722426963279,0.06112395767816686
0.12737762575762776,0.10047381475826794,0.10146547105308677,0.07794176577233845
0.10411805106789535,0.07995886010108227,0.0854681163013928,0.06086989342700344
0.11675810494213243,0.0941574315020464,0.09379782353972135,0.07576291902423035
0.12105874453702378,0.09212446819813332,0.0998573809759899,0.0744215856893696
0.12695295064257042,0.09820669763502551,0.10085821667505684,0.07566588206444536
0.10114666133981351,0.0879303579951318,0.0884919669245618,0.07540029528086362
0.11728680426423574,0.09466482554829,0.0891788491357146,0.07117080190201068
0.10699511253902871,0.08209986149632931,0.08887501753194704,0.06591452250024377
0.11904129593152143,0.09290143983526292,0.09338817583966794,0.06826528678667007
0.12139817100237205,0.0960329509700516,0.09727417481535214,0.07843382605720552
0.1116993704507165,0.09079917919522545,0.09306934133466473,0.06629781796728311
0.10509779439261473,0.08497368240379424,0.09686998259719709,0.07449965876520714
0.12110318557851499,0.09272120568779282,0.10742442614154202,0.07363881682993216
0.1206426311456694,0.0960291014193359,0.09221217508462556,0.07742277544735296
0.11894932959623697,0.08779202238968818,0.09643005059799117,0.07334911379150669
0.10337912999916675,0.0830579707340897,0.07811288261668042,0.06495095823430123
0.10449292470031465,0.07131797487599938,0.08038356122928615,0.05124851056141478
0.10843356822086848,0.08057278539449335,0.09788020476052305,0.06754468760823
0.12125903825402387,0.09175954714252318,0.0944969913705557,0.07652583903460805
0.12190296260887133,0.09389732661942303,0.10483049135941816,0.07455141643019693
0.11474179817451434,0.09167039613909031,0.09700586950620405,0.07245262537169359
0.10249490859496069,0.08899158197429843,0.0866908587704815,0.06859156147909073
0.09972280392782762,0.07510967864256735,0.07820428116896924,0.06126250778848029
0.11650137282837142,0.09465622880816714,0.09209536691944138,0.07224727389383848
0.10738770973811859,0.08195003643884549,0.09094939277277844,0.06684374536934859
0.11706090606329307,0.09003816085584582,0.09620446736762422,0.07575631237806027
0.11128761886549166,0.0932467674509428,0.0950203962028355,0.07570844446926275
0.12303028803659019,0.09616260215011357,0.10283975697983663,0.07911880826931617
0.10085595425492323,0.08174094875899499,0.07896947247669076,0.059478087099653895
0.1233044695774081,0.09077424944942136,0.09718967335165138,0.0667769342488091
0.1248554297194524,0.09440298524380372,0.10917844662247819,0.07703560577644628
0.12858173452955404,0.09750404699634485,0.10356213759339283,0.07970853122656268
0.11619435866541558,0.08811671049639995,0.09468215680937891,0.0663799919137809
0.12342274326603694,0.0963060603973861,0.09903650228714546,0.07710687896540716
0.11661209318723205,0.09302072827454608,0.09475338156713911,0.07434621320369035
0.1195229855326885,0.09564393967049192,0.10436885466301851,0.07300775286840855
0.10358230468302754,0.08530674557765025,0.09330798226212893,0.07475130482601078
0.09695442415690611,0.07963465099796328,0.07875568398118168,0.06264060017551018
0.11773301174367198,0.09308511383245867,0.09724954744918926,0.07454494025929558
0.11245585144614216,0.07683860191257719,0.08295003675165817,0.06028856731554308
0.11579875486652974,0.08551997001546505,0.09590204293641238,0.0701174750397713
0.11893764098941406,0.0953004211032171,0.10073327731027354,0.07387568779898947
0.11419787614224514,0.08600756407555349,0.09719486686106338,0.07077992957817206
0.11182933712735908,0.0837958209949291,0.08856564420554604,0.06547216122372176
0.13576566048917765,0.1035284064696202,0.11807820492067458,0.0859844741983171
0.11927936887792229,0.09800024853290036,0.10197597309268211,0.0783999629983593
0.11519904840467313,0.09257434880800397,0.09736148588389697,0.07213986772671223
0.1318782824099839,0.09870300657599271,0.10912910696759136,0.07445434867115845
0.11501558549570523,0.09246241862738899,0.09326463059802147,0.07404285357618676
0.1035592183052002,0.08126480508445554,0.09243200707138019,0.06375520685334267
0.13186177498885798,0.10193210435375431,0.10879545524180576,0.07930151653211064
0.10709771850309811,0.0828920763248937,0.08993705610864727,0.06571957644607569
0.11107287841233349,0.0889672461413252,0.09008307007084344,0.0711863122397071
0.11687159810909689,0.08978230268503959,0.09622320116875002,0.064678261667349
0.1178888381871907,0.08597841794735278,0.09436285364463365,0.07233032805632865
0.11887518085399573,0.09510617205204049,0.10065993257948525,0.07948540387054806
0.1114891683508754,0.08781729683690402,0.09126150747534259,0.07251858345935834
0.11062088572347387,0.09339365118787421,0.10018362789229214,0.0795258963989135
0.13248577166090975,0.10022728910616721,0.10970504052417368,0.08142096459087825
0.1134893030824748,0.09013633740317116,0.09501518730163944,0.07340782990095765
0.1130251168797072,0.08776573139001621,0.09330109719853019,0.07085791196292597
0.12308394117516691,0.08946003618881511,0.10137881022910368,0.07155850258660545
0.10926528662278903,0.08468613706036517,0.0888639738665502,0.07070388711517239
0.10648766550413036,0.08627259564645623,0.08647647952353127,0.06948521642069438
0.10178294893525666,0.07692325412023693,0.08016388783295797,0.0665948307896832
0.1275005496203888,0.10242285132588574,0.0987495203375865,0.07834785658510413
0.09234375646701132,0.07679944970520378,0.07110504299455352,0.05732431166699137
0.09925160128327148,0.07775428106771576,0.08259838227819966,0.06683641660107378
0.12271776058504791,0.08789409195748225,0.09868672951764505,0.06253240208803565
0.11834808265684398,0.09338964701033034,0.0970693562968098,0.07620345728487914
0.11351665676749613,0.08663749391591027,0.09797871324564257,0.07363574591676351
0.10695469905193306,0.08040751553996295,0.08312865397242968,0.057315661059742576
0.13059908032375564,0.09630772371045696,0.10333257191746703,0.07812023068430032
0.12023655993068261,0.09365409151244992,0.09851526621822015,0.07573007369404643
0.12031981975738917,0.09690140428609516,0.1047943424075319,0.07748647714486326
0.12798769082076308,0.09738478746592352,0.1102071137209474,0.0786034056474634
0.12172101361110228,0.09271570600924564,0.10278324941841491,0.08080621005009854
0.12158459604454658,0.09039629299865554,0.10168659359349377,0.07103236846491054
0.11158158970142523,0.08228517760100408,0.09092527107454434,0.05819622539413442
0.10869098847833455,0.08106001396286096,0.08850596554731566,0.060194161990997336
0.12521373144933517,0.08803943518416171,0.10375265631493688,0.07210634872659796
0.09453383333719179,0.07293978058002709,0.08051440236369502,0.05759933451584875
0.11780236548687939,0.09237680336869798,0.0994218746553466,0.07093587657289868
0.11898830225023058,0.09798168344621346,0.09438675677988982,0.06996003714314109
0.11167541923190615,0.08770384322559982,0.0892944448382324,0.06532728088039712
0.11330812727812264,0.08431705960849772,0.08952847724099551,0.0642751596791384
0.11486167405491277,0.09242712821064977,0.09733826566280966,0.0702465325273278
0.1158339531743087,0.08871551467626407,0.09385418766662447,0.0713651365923929
0.11138872570237623,0.09184279539379225,0.09352625147731555,0.0725059100349836
0.12426860253494543,0.09947869253347,0.10490276229271664,0.0780949870573467
0.12131608799786314,0.09465483139207445,0.09491807749681799,0.07540534551877626
0.11406795539830838,0.0882243722719246,0.09442540096327648,0.07043817815250356
0.11707660840223841,0.09108872218116816,0.09310109510021564,0.06512220924733501
0.11881850751674486,0.09203634950212217,0.09703227519537391,0.07171488297481493
0.11714342680961945,0.09154245137517689,0.10112389421220835,0.07581148134746611
0.10179139413983884,0.0824126650735879,0.08339804169712745,0.06695420079074196
0.10391381486797158,0.07956889555016877,0.0832720451382367,0.06028096050637827
0.10844192495426086,0.08531061203591833,0.09168265898956285,0.06575833988193566
0.12270017240040343,0.09406261428199816,0.10114558785939964,0.07704861993245746
0.10458647799313461,0.07717476095155384,0.08394978688488672,0.06049454135131484
0.11958867251867877,0.09232078809849226,0.09734741690980903,0.07338590523263147
0.0995834742561034,0.07153413403077931,0.08001617314690161,0.05694436053315165
0.09580341520594704,0.07652173136889463,0.07409173798638012,0.05755999629880852
0.12921575529215146,0.09630551480846332,0.10335897038556591,0.07346499081438163
0.10210426285224386,0.08144520114811514,0.08606288188815497,0.06595885947283457
0.11799737932819221,0.09023534832872926,0.09556843938201229,0.06712892232047263
0.10119638032539427,0.07999260528426134,0.07731975776327782,0.055972073880193124
0.12748270800562253,0.10125957671030186,0.10296535431174841,0.07610217510343874
0.10890936202916424,0.08684296600312863,0.09176339233862035,0.06849868009720246
0.11153170097484814,0.08794643574636493,0.0904033920447474,0.06839773181471477
0.11298224172377387,0.0856611969928748,0.0965758100735318,0.06808557609242118
0.11765833023463376,0.08700379273871166,0.09550704438666549,0.0657054256748063
0.1040808465567051,0.08269746069859041,0.08510617100031492,0.0678536064887822
0.11028220760246624,0.08553888647261398,0.09109735984487416,0.0667458553501203
0.12008283667247632,0.0934119895990678,0.0988737517067449,0.07653380090149478
0.11966979074470738,0.09304530619512458,0.08971488609272615,0.06989911195726888
0.10875045577782734,0.08544428343298492,0.08955443902316884,0.0672934358340132
0.10643564473469953,0.08451292497559618,0.09162544304695719,0.07304737807765535
0.11142323575717906,0.09227194343470858,0.09856792981171339,0.07192007280795926
0.11108559781066149,0.08414565396267609,0.09188204959764579,0.0689310297032986
0.11178754361988648,0.08414781901384051,0.0859662063687421,0.06403961235708909
0.11318094000627178,0.08646205195641096,0.08901774546375524,0.06317473159302932
0.11310050208511992,0.0876029270729177,0.09084042941798445,0.06635129952533798
0.11817256416730781,0.08907980218299802,0.09282513032757428,0.06881498900544757
0.0993786611786367,0.08027556813679759,0.08091650044593295,0.06516366265866085
0.11525248008509424,0.09329328399825931,0.0972951650677526,0.06842823744560468
0.1320716160812878,0.0989137573974698,0.1077990721851037,0.07423523554017118
0.10839482070177703,0.08384257755830021,0.08993257395112836,0.06567024828286337
0.09698109782791717,0.08110320685630662,0.08092516750013828,0.06672551515630264
0.11843362364933624,0.08920259802886871,0.0919243383727057,0.06700941731506135
0.11808823473112985,0.08816125673025285,0.09263290715455971,0.07476661146765198
0.10415578856330182,0.08264324676084912,0.0864480745989663,0.06580582213847437
0.11420492596484784,0.0891828516652288,0.09468890013543804,0.06845901514108534
0.09869497649793829,0.08190446360249148,0.08024596161644611,0.06575126253054424
0.1164385374974545,0.0940690074867731,0.0920111361229567,0.06903784449623718
0.10951096587703316,0.08671011422670725,0.08502712855008354,0.06312036449591593
0.11340706008619625,0.08398313883850778,0.0917833238887308,0.06778096571969343
0.11795020583928444,0.08613821745941469,0.08980756354763486,0.0640384623430179
0.11167348784925679,0.08677488619364834,0.09365520266552482,0.06890303336854886
0.11534454662683558,0.08950353364201341,0.09317538751262426,0.07149136356623696
0.11032271101410702,0.08436459293945109,0.09199675078295597,0.06471162916170976
0.1219880475555712,0.09271460260859955,0.09858561353715228,0.07688528419577524
0.1035689379785304,0.0769716615776515,0.08059968694810071,0.055246219049871814
0.11195840734830491,0.08583884086068258,0.09740370567852367,0.07164435618521557
0.11490816393158436,0.08637952228958169,0.09616804552913154,0.07100035347325101
0.11349169636462289,0.08924083603648164,0.09683667724798209,0.06807280990970102
0.10261485105632123,0.0830452581143263,0.07814245659662851,0.06486845068644193
0.1299518449452098,0.09593647292118337,0.10860530259948799,0.08028009349613005
0.12668909497131708,0.09457177818329923,0.10935445996285237,0.08159314738413469
0.12438930036643014,0.09688290568054272,0.09772076426919947,0.07117984251165657
0.1064339740045984,0.0806965291065863,0.08581048395727457,0.06544849916476696
0.13155660561815746,0.10047735490080298,0.1105338306546097,0.07757603097370475
0.13374365279485967,0.10043917074687816,0.10874358762395175,0.07917402923523949
0.11670245395229145,0.08898187719737566,0.09226463157322873,0.07399302267961128
0.1245299606570443,0.08896020518070719,0.10090329715267582,0.0713424115334067
0.11546982934650715,0.09451504031605422,0.09600864462323175,0.07514196683614972
0.12282462275776534,0.09611894446746355,0.09834136289219722,0.07898152950697176
0.11520781826222884,0.09359848916216723,0.09684435607462172,0.07499756389152204
0.11612510591452765,0.09476638729079669,0.09577774551356658,0.07336689624804776
0.11784800946311094,0.09178474593488953,0.10298717032646211,0.07198216483346652
0.11118073113429786,0.08236391937985646,0.08799754977089885,0.0666294655442865
0.11352012471434461,0.09266013305333298,0.09050180951211537,0.06959275647040751
0.11316651610614856,0.08755652233507535,0.0935300951170113,0.06799897319201972
0.12106041311869127,0.09601114337052988,0.09744170711872596,0.06592915901987828
0.12188078323782275,0.09166913595816116,0.09413251659040792,0.07306867634297498
0.11700469917548022,0.08893889893906834,0.09232494666528446,0.06891414968608917
0.141118413854385,0.10282030554239688,0.11807461508479564,0.08328338666460272
0.13131799148382936,0.10062647823703698,0.1043300183981837,0.07542200817385869
0.11011927708078639,0.08896028951139529,0.09040332442893595,0.07319091649247428
0.12421996273556761,0.0961064015949927,0.10005747136049609,0.07746904606264307
